epoch,loss,sat_train_overall,sat_train_trans,sat_train_irreflex,sat_train_asymmetry,sat_train_closure,sat_train_pos,sat_train_neg,sat_test_overall,sat_test_trans,sat_test_irreflex,sat_test_asymmetry,sat_test_closure,sat_test_pos,sat_test_neg,n_pos,n_neg,n_test_pos,n_test_neg,scenario,katz_mode,predicate,embed_type,hierarchy_source,bundle_tag,vector_dim,model_path
0,0.5096091032028198,0.4903908967971802,0.89222252368927,0.563362181186676,0.8085890412330627,0.5975426435470581,0.4466145634651184,0.5722634792327881,0.4369431734085083,0.89222252368927,0.563362181186676,0.8085890412330627,0.5975426435470581,0.4369431734085083,0.0,332,193,606,0,B,plus_katz,Hyp3,poincare,DEFAULT,embeddings_nonhyper_25__default_nonhyper_25,25,/content/drive/MyDrive/HyperN/EMBD/Poincare_Gensim/Seminar_DS/embeddings_nonhyper_25/default_nonhyper_25.model
1,0.5056584477424622,0.49434155225753784,0.8913383483886719,0.5604691505432129,0.8059027791023254,0.5974921584129333,0.4524524211883545,0.5722137689590454,0.43944424390792847,0.8913383483886719,0.5604691505432129,0.8059027791023254,0.5974921584129333,0.43944424390792847,0.0,332,193,606,0,B,plus_katz,Hyp3,poincare,DEFAULT,embeddings_nonhyper_25__default_nonhyper_25,25,/content/drive/MyDrive/HyperN/EMBD/Poincare_Gensim/Seminar_DS/embeddings_nonhyper_25/default_nonhyper_25.model
2,0.5016968846321106,0.4983031153678894,0.890468955039978,0.5575966238975525,0.803198516368866,0.5954609513282776,0.45830297470092773,0.5722185373306274,0.4419219493865967,0.890468955039978,0.5575966238975525,0.803198516368866,0.5954609513282776,0.4419219493865967,0.0,332,193,606,0,B,plus_katz,Hyp3,poincare,DEFAULT,embeddings_nonhyper_25__default_nonhyper_25,25,/content/drive/MyDrive/HyperN/EMBD/Poincare_Gensim/Seminar_DS/embeddings_nonhyper_25/default_nonhyper_25.model
3,0.4977067708969116,0.5022932291030884,0.8896005749702454,0.55470210313797,0.8004347085952759,0.5960218906402588,0.4641895294189453,0.5722615718841553,0.444369375705719,0.8896005749702454,0.55470210313797,0.8004347085952759,0.5960218906402588,0.444369375705719,0.0,332,193,606,0,B,plus_katz,Hyp3,poincare,DEFAULT,embeddings_nonhyper_25__default_nonhyper_25,25,/content/drive/MyDrive/HyperN/EMBD/Poincare_Gensim/Seminar_DS/embeddings_nonhyper_25/default_nonhyper_25.model
4,0.49369168281555176,0.5063083171844482,0.8887335062026978,0.5517886877059937,0.7976076602935791,0.5894090533256531,0.470115602016449,0.572372555732727,0.4467819333076477,0.8887335062026978,0.5517886877059937,0.7976076602935791,0.5894090533256531,0.4467819333076477,0.0,332,193,606,0,B,plus_katz,Hyp3,poincare,DEFAULT,embeddings_nonhyper_25__default_nonhyper_25,25,/content/drive/MyDrive/HyperN/EMBD/Poincare_Gensim/Seminar_DS/embeddings_nonhyper_25/default_nonhyper_25.model
5,0.4896204471588135,0.5103795528411865,0.8878668546676636,0.548856258392334,0.7947105765342712,0.5855681300163269,0.476093053817749,0.5725764036178589,0.44916045665740967,0.8878668546676636,0.548856258392334,0.7947105765342712,0.5855681300163269,0.44916045665740967,0.0,332,193,606,0,B,plus_katz,Hyp3,poincare,DEFAULT,embeddings_nonhyper_25__default_nonhyper_25,25,/content/drive/MyDrive/HyperN/EMBD/Poincare_Gensim/Seminar_DS/embeddings_nonhyper_25/default_nonhyper_25.model
6,0.485465407371521,0.514534592628479,0.886999249458313,0.5459027290344238,0.7917335629463196,0.5904315114021301,0.4821389317512512,0.5728933811187744,0.4515102505683899,0.886999249458313,0.5459027290344238,0.7917335629463196,0.5904315114021301,0.4515102505683899,0.0,332,193,606,0,B,plus_katz,Hyp3,poincare,DEFAULT,embeddings_nonhyper_25__default_nonhyper_25,25,/content/drive/MyDrive/HyperN/EMBD/Poincare_Gensim/Seminar_DS/embeddings_nonhyper_25/default_nonhyper_25.model
7,0.48123306035995483,0.5187669396400452,0.8861286640167236,0.5429225564002991,0.7886638641357422,0.5884186625480652,0.48827385902404785,0.5733374357223511,0.4538436532020569,0.8861286640167236,0.5429225564002991,0.7886638641357422,0.5884186625480652,0.4538436532020569,0.0,332,193,606,0,B,plus_katz,Hyp3,poincare,DEFAULT,embeddings_nonhyper_25__default_nonhyper_25,25,/content/drive/MyDrive/HyperN/EMBD/Poincare_Gensim/Seminar_DS/embeddings_nonhyper_25/default_nonhyper_25.model
8,0.47690820693969727,0.5230917930603027,0.885251522064209,0.5399046540260315,0.7854841351509094,0.5797407627105713,0.49451911449432373,0.5739117860794067,0.4561750888824463,0.885251522064209,0.5399046540260315,0.7854841351509094,0.5797407627105713,0.4561750888824463,0.0,332,193,606,0,B,plus_katz,Hyp3,poincare,DEFAULT,embeddings_nonhyper_25__default_nonhyper_25,25,/content/drive/MyDrive/HyperN/EMBD/Poincare_Gensim/Seminar_DS/embeddings_nonhyper_25/default_nonhyper_25.model
9,0.4724388122558594,0.5275611877441406,0.8843643069267273,0.5368359684944153,0.7821748852729797,0.5883182883262634,0.5008947849273682,0.5746141076087952,0.4585164189338684,0.8843643069267273,0.5368359684944153,0.7821748852729797,0.5883182883262634,0.4585164189338684,0.0,332,193,606,0,B,plus_katz,Hyp3,poincare,DEFAULT,embeddings_nonhyper_25__default_nonhyper_25,25,/content/drive/MyDrive/HyperN/EMBD/Poincare_Gensim/Seminar_DS/embeddings_nonhyper_25/default_nonhyper_25.model
10,0.4678654074668884,0.5321345925331116,0.8834633827209473,0.5337047576904297,0.7787171602249146,0.5837464332580566,0.5074173212051392,0.5754424333572388,0.4608756899833679,0.8834633827209473,0.5337047576904297,0.7787171602249146,0.5837464332580566,0.4608756899833679,0.0,332,193,606,0,B,plus_katz,Hyp3,poincare,DEFAULT,embeddings_nonhyper_25__default_nonhyper_25,25,/content/drive/MyDrive/HyperN/EMBD/Poincare_Gensim/Seminar_DS/embeddings_nonhyper_25/default_nonhyper_25.model
11,0.46315646171569824,0.5368435382843018,0.8825461864471436,0.5305012464523315,0.7750929594039917,0.5802693367004395,0.5140995979309082,0.5763964653015137,0.46325719356536865,0.8825461864471436,0.5305012464523315,0.7750929594039917,0.5802693367004395,0.46325719356536865,0.0,332,193,606,0,B,plus_katz,Hyp3,poincare,DEFAULT,embeddings_nonhyper_25__default_nonhyper_25,25,/content/drive/MyDrive/HyperN/EMBD/Poincare_Gensim/Seminar_DS/embeddings_nonhyper_25/default_nonhyper_25.model
12,0.4583039879798889,0.5416960120201111,0.8816108107566833,0.5272189974784851,0.7712864875793457,0.5791208744049072,0.5209500789642334,0.5774785876274109,0.4656614661216736,0.8816108107566833,0.5272189974784851,0.7712864875793457,0.5791208744049072,0.4656614661216736,0.0,332,193,606,0,B,plus_katz,Hyp3,poincare,DEFAULT,embeddings_nonhyper_25__default_nonhyper_25,25,/content/drive/MyDrive/HyperN/EMBD/Poincare_Gensim/Seminar_DS/embeddings_nonhyper_25/default_nonhyper_25.model
13,0.45332491397857666,0.5466750860214233,0.8806558847427368,0.5238545536994934,0.76728355884552,0.5679820775985718,0.5279746055603027,0.5786935091018677,0.46808624267578125,0.8806558847427368,0.5238545536994934,0.76728355884552,0.5679820775985718,0.46808624267578125,0.0,332,193,606,0,B,plus_katz,Hyp3,poincare,DEFAULT,embeddings_nonhyper_25__default_nonhyper_25,25,/content/drive/MyDrive/HyperN/EMBD/Poincare_Gensim/Seminar_DS/embeddings_nonhyper_25/default_nonhyper_25.model
14,0.44816410541534424,0.5518358945846558,0.8796808123588562,0.5204066038131714,0.763071596622467,0.575835108757019,0.5351765155792236,0.580047607421875,0.4705275297164917,0.8796808123588562,0.5204066038131714,0.763071596622467,0.575835108757019,0.4705275297164917,0.0,332,193,606,0,B,plus_katz,Hyp3,poincare,DEFAULT,embeddings_nonhyper_25__default_nonhyper_25,25,/content/drive/MyDrive/HyperN/EMBD/Poincare_Gensim/Seminar_DS/embeddings_nonhyper_25/default_nonhyper_25.model
15,0.4428786039352417,0.5571213960647583,0.8786851167678833,0.5168762803077698,0.7586392164230347,0.5691404938697815,0.5425574779510498,0.5815485715866089,0.4729796051979065,0.8786851167678833,0.5168762803077698,0.7586392164230347,0.5691404938697815,0.4729796051979065,0.0,332,193,606,0,B,plus_katz,Hyp3,poincare,DEFAULT,embeddings_nonhyper_25__default_nonhyper_25,25,/content/drive/MyDrive/HyperN/EMBD/Poincare_Gensim/Seminar_DS/embeddings_nonhyper_25/default_nonhyper_25.model
16,0.43742096424102783,0.5625790357589722,0.8776684999465942,0.5132660269737244,0.7539757490158081,0.5727177262306213,0.5501180291175842,0.5832049250602722,0.4754359722137451,0.8776684999465942,0.5132660269737244,0.7539757490158081,0.5727177262306213,0.4754359722137451,0.0,332,193,606,0,B,plus_katz,Hyp3,poincare,DEFAULT,embeddings_nonhyper_25__default_nonhyper_25,25,/content/drive/MyDrive/HyperN/EMBD/Poincare_Gensim/Seminar_DS/embeddings_nonhyper_25/default_nonhyper_25.model
17,0.4318169355392456,0.5681830644607544,0.8766307234764099,0.5095800757408142,0.749071478843689,0.5712412595748901,0.557857871055603,0.585025429725647,0.47788941860198975,0.8766307234764099,0.5095800757408142,0.749071478843689,0.5712412595748901,0.47788941860198975,0.0,332,193,606,0,B,plus_katz,Hyp3,poincare,DEFAULT,embeddings_nonhyper_25__default_nonhyper_25,25,/content/drive/MyDrive/HyperN/EMBD/Poincare_Gensim/Seminar_DS/embeddings_nonhyper_25/default_nonhyper_25.model
18,0.42604899406433105,0.573951005935669,0.8755714297294617,0.5058239102363586,0.7439177632331848,0.5732896327972412,0.5657762289047241,0.5870187282562256,0.4803321957588196,0.8755714297294617,0.5058239102363586,0.7439177632331848,0.5732896327972412,0.4803321957588196,0.0,332,193,606,0,B,plus_katz,Hyp3,poincare,DEFAULT,embeddings_nonhyper_25__default_nonhyper_25,25,/content/drive/MyDrive/HyperN/EMBD/Poincare_Gensim/Seminar_DS/embeddings_nonhyper_25/default_nonhyper_25.model
19,0.4201638102531433,0.5798361897468567,0.874489963054657,0.5020043253898621,0.7385068535804749,0.5542687773704529,0.5738711357116699,0.5891932249069214,0.48275595903396606,0.874489963054657,0.5020043253898621,0.7385068535804749,0.5542687773704529,0.48275595903396606,0.0,332,193,606,0,B,plus_katz,Hyp3,poincare,DEFAULT,embeddings_nonhyper_25__default_nonhyper_25,25,/content/drive/MyDrive/HyperN/EMBD/Poincare_Gensim/Seminar_DS/embeddings_nonhyper_25/default_nonhyper_25.model
20,0.41406911611557007,0.5859308838844299,0.8733858466148376,0.49812841415405273,0.7328325510025024,0.5613008141517639,0.5821397304534912,0.5915565490722656,0.48515117168426514,0.8733858466148376,0.49812841415405273,0.7328325510025024,0.5613008141517639,0.48515117168426514,0.0,332,193,606,0,B,plus_katz,Hyp3,poincare,DEFAULT,embeddings_nonhyper_25__default_nonhyper_25,25,/content/drive/MyDrive/HyperN/EMBD/Poincare_Gensim/Seminar_DS/embeddings_nonhyper_25/default_nonhyper_25.model
21,0.4078328609466553,0.5921671390533447,0.8722579479217529,0.494205117225647,0.7268902659416199,0.5601633787155151,0.5905776023864746,0.5941166877746582,0.4875076413154602,0.8722579479217529,0.494205117225647,0.7268902659416199,0.5601633787155151,0.4875076413154602,0.0,332,193,606,0,B,plus_katz,Hyp3,poincare,DEFAULT,embeddings_nonhyper_25__default_nonhyper_25,25,/content/drive/MyDrive/HyperN/EMBD/Poincare_Gensim/Seminar_DS/embeddings_nonhyper_25/default_nonhyper_25.model
22,0.4014291763305664,0.5985708236694336,0.871104896068573,0.49024438858032227,0.7206771969795227,0.5644235014915466,0.5991787910461426,0.5968815088272095,0.4898141026496887,0.871104896068573,0.49024438858032227,0.7206771969795227,0.5644235014915466,0.4898141026496887,0.0,332,193,606,0,B,plus_katz,Hyp3,poincare,DEFAULT,embeddings_nonhyper_25__default_nonhyper_25,25,/content/drive/MyDrive/HyperN/EMBD/Poincare_Gensim/Seminar_DS/embeddings_nonhyper_25/default_nonhyper_25.model
23,0.394875168800354,0.605124831199646,0.8699249029159546,0.48625683784484863,0.7141923308372498,0.5668403506278992,0.607935905456543,0.5998589396476746,0.49205857515335083,0.8699249029159546,0.48625683784484863,0.7141923308372498,0.5668403506278992,0.49205857515335083,0.0,332,193,606,0,B,plus_katz,Hyp3,poincare,DEFAULT,embeddings_nonhyper_25__default_nonhyper_25,25,/content/drive/MyDrive/HyperN/EMBD/Poincare_Gensim/Seminar_DS/embeddings_nonhyper_25/default_nonhyper_25.model
24,0.38820314407348633,0.6117968559265137,0.8687155246734619,0.4822542667388916,0.7074369788169861,0.5539053678512573,0.616840124130249,0.6030566096305847,0.4942283034324646,0.8687155246734619,0.4822542667388916,0.7074369788169861,0.5539053678512573,0.4942283034324646,0.0,332,193,606,0,B,plus_katz,Hyp3,poincare,DEFAULT,embeddings_nonhyper_25__default_nonhyper_25,25,/content/drive/MyDrive/HyperN/EMBD/Poincare_Gensim/Seminar_DS/embeddings_nonhyper_25/default_nonhyper_25.model
25,0.3813917636871338,0.6186082363128662,0.8674736022949219,0.4782496690750122,0.7004145979881287,0.5386773943901062,0.6258807182312012,0.606481671333313,0.49631017446517944,0.8674736022949219,0.4782496690750122,0.7004145979881287,0.5386773943901062,0.49631017446517944,0.0,332,193,606,0,B,plus_katz,Hyp3,poincare,DEFAULT,embeddings_nonhyper_25__default_nonhyper_25,25,/content/drive/MyDrive/HyperN/EMBD/Poincare_Gensim/Seminar_DS/embeddings_nonhyper_25/default_nonhyper_25.model
26,0.3743685483932495,0.6256314516067505,0.8661950826644897,0.4742569327354431,0.6931304335594177,0.5548948645591736,0.6350458860397339,0.6101406812667847,0.49828988313674927,0.8661950826644897,0.4742569327354431,0.6931304335594177,0.5548948645591736,0.49828988313674927,0.0,332,193,606,0,B,plus_katz,Hyp3,poincare,DEFAULT,embeddings_nonhyper_25__default_nonhyper_25,25,/content/drive/MyDrive/HyperN/EMBD/Poincare_Gensim/Seminar_DS/embeddings_nonhyper_25/default_nonhyper_25.model
27,0.36724579334259033,0.6327542066574097,0.864875316619873,0.4702907204627991,0.6855927109718323,0.5555607080459595,0.6443212628364563,0.6140400171279907,0.5001528263092041,0.864875316619873,0.4702907204627991,0.6855927109718323,0.5555607080459595,0.5001528263092041,0.0,332,193,606,0,B,plus_katz,Hyp3,poincare,DEFAULT,embeddings_nonhyper_25__default_nonhyper_25,25,/content/drive/MyDrive/HyperN/EMBD/Poincare_Gensim/Seminar_DS/embeddings_nonhyper_25/default_nonhyper_25.model
28,0.3599982261657715,0.6400017738342285,0.863508403301239,0.466366171836853,0.6778121590614319,0.5552442073822021,0.6536914110183716,0.6181848049163818,0.5018842220306396,0.863508403301239,0.466366171836853,0.6778121590614319,0.5552442073822021,0.5018842220306396,0.0,332,193,606,0,B,plus_katz,Hyp3,poincare,DEFAULT,embeddings_nonhyper_25__default_nonhyper_25,25,/content/drive/MyDrive/HyperN/EMBD/Poincare_Gensim/Seminar_DS/embeddings_nonhyper_25/default_nonhyper_25.model
29,0.35262322425842285,0.6473767757415771,0.8620877861976624,0.4624985456466675,0.6698014736175537,0.5588976740837097,0.663139283657074,0.6225787401199341,0.5034691095352173,0.8620877861976624,0.4624985456466675,0.6698014736175537,0.5588976740837097,0.5034691095352173,0.0,332,193,606,0,B,plus_katz,Hyp3,poincare,DEFAULT,embeddings_nonhyper_25__default_nonhyper_25,25,/content/drive/MyDrive/HyperN/EMBD/Poincare_Gensim/Seminar_DS/embeddings_nonhyper_25/default_nonhyper_25.model
30,0.34519362449645996,0.65480637550354,0.8606058359146118,0.4587031602859497,0.6615763902664185,0.5404849648475647,0.6726464629173279,0.6272245645523071,0.5048933029174805,0.8606058359146118,0.4587031602859497,0.6615763902664185,0.5404849648475647,0.5048933029174805,0.0,332,193,606,0,B,plus_katz,Hyp3,poincare,DEFAULT,embeddings_nonhyper_25__default_nonhyper_25,25,/content/drive/MyDrive/HyperN/EMBD/Poincare_Gensim/Seminar_DS/embeddings_nonhyper_25/default_nonhyper_25.model
31,0.337632417678833,0.662367582321167,0.8590539693832397,0.4549950361251831,0.653154194355011,0.536483883857727,0.6821937561035156,0.6321229338645935,0.506142258644104,0.8590539693832397,0.4549950361251831,0.653154194355011,0.536483883857727,0.506142258644104,0.0,332,193,606,0,B,plus_katz,Hyp3,poincare,DEFAULT,embeddings_nonhyper_25__default_nonhyper_25,25,/content/drive/MyDrive/HyperN/EMBD/Poincare_Gensim/Seminar_DS/embeddings_nonhyper_25/default_nonhyper_25.model
32,0.3299862742424011,0.6700137257575989,0.8574231266975403,0.45138871669769287,0.6445549130439758,0.5323297381401062,0.691760778427124,0.6372731924057007,0.5072019100189209,0.8574231266975403,0.45138871669769287,0.6445549130439758,0.5323297381401062,0.5072019100189209,0.0,332,193,606,0,B,plus_katz,Hyp3,poincare,DEFAULT,embeddings_nonhyper_25__default_nonhyper_25,25,/content/drive/MyDrive/HyperN/EMBD/Poincare_Gensim/Seminar_DS/embeddings_nonhyper_25/default_nonhyper_25.model
33,0.3222527503967285,0.6777472496032715,0.8557034730911255,0.4478975534439087,0.6358001232147217,0.5334993004798889,0.7013269662857056,0.6426724195480347,0.5080583691596985,0.8557034730911255,0.4478975534439087,0.6358001232147217,0.5334993004798889,0.5080583691596985,0.0,332,193,606,0,B,plus_katz,Hyp3,poincare,DEFAULT,embeddings_nonhyper_25__default_nonhyper_25,25,/content/drive/MyDrive/HyperN/EMBD/Poincare_Gensim/Seminar_DS/embeddings_nonhyper_25/default_nonhyper_25.model
34,0.31442368030548096,0.685576319694519,0.8538849353790283,0.44453465938568115,0.6269134283065796,0.5474157929420471,0.7108712196350098,0.6483162045478821,0.5086981654167175,0.8538849353790283,0.44453465938568115,0.6269134283065796,0.5474157929420471,0.5086981654167175,0.0,332,193,606,0,B,plus_katz,Hyp3,poincare,DEFAULT,embeddings_nonhyper_25__default_nonhyper_25,25,/content/drive/MyDrive/HyperN/EMBD/Poincare_Gensim/Seminar_DS/embeddings_nonhyper_25/default_nonhyper_25.model
35,0.30661267042160034,0.6933873295783997,0.8519572615623474,0.4413113594055176,0.6179199814796448,0.537929356098175,0.7203718423843384,0.6541980504989624,0.509109377861023,0.8519572615623474,0.4413113594055176,0.6179199814796448,0.537929356098175,0.509109377861023,0.0,332,193,606,0,B,plus_katz,Hyp3,poincare,DEFAULT,embeddings_nonhyper_25__default_nonhyper_25,25,/content/drive/MyDrive/HyperN/EMBD/Poincare_Gensim/Seminar_DS/embeddings_nonhyper_25/default_nonhyper_25.model
36,0.2987236976623535,0.7012763023376465,0.8499104380607605,0.43823742866516113,0.6088452339172363,0.5447827577590942,0.7298082113265991,0.6603091955184937,0.509280264377594,0.8499104380607605,0.43823742866516113,0.6088452339172363,0.5447827577590942,0.509280264377594,0.0,332,193,606,0,B,plus_katz,Hyp3,poincare,DEFAULT,embeddings_nonhyper_25__default_nonhyper_25,25,/content/drive/MyDrive/HyperN/EMBD/Poincare_Gensim/Seminar_DS/embeddings_nonhyper_25/default_nonhyper_25.model
37,0.29083120822906494,0.7091687917709351,0.8477345705032349,0.4353210926055908,0.5997156500816345,0.5466919541358948,0.7391592264175415,0.6666393876075745,0.509199857711792,0.8477345705032349,0.4353210926055908,0.5997156500816345,0.5466919541358948,0.509199857711792,0.0,332,193,606,0,B,plus_katz,Hyp3,poincare,DEFAULT,embeddings_nonhyper_25__default_nonhyper_25,25,/content/drive/MyDrive/HyperN/EMBD/Poincare_Gensim/Seminar_DS/embeddings_nonhyper_25/default_nonhyper_25.model
38,0.2829902768135071,0.7170097231864929,0.8454210758209229,0.43256884813308716,0.590557873249054,0.5310388803482056,0.7484046816825867,0.6731761693954468,0.5088586211204529,0.8454210758209229,0.43256884813308716,0.590557873249054,0.5310388803482056,0.5088586211204529,0.0,332,193,606,0,B,plus_katz,Hyp3,poincare,DEFAULT,embeddings_nonhyper_25__default_nonhyper_25,25,/content/drive/MyDrive/HyperN/EMBD/Poincare_Gensim/Seminar_DS/embeddings_nonhyper_25/default_nonhyper_25.model
39,0.27512359619140625,0.7248764038085938,0.8429620862007141,0.4299851655960083,0.5813982486724854,0.5287343859672546,0.7575250864028931,0.6799039840698242,0.5082472562789917,0.8429620862007141,0.4299851655960083,0.5813982486724854,0.5287343859672546,0.5082472562789917,0.0,332,193,606,0,B,plus_katz,Hyp3,poincare,DEFAULT,embeddings_nonhyper_25__default_nonhyper_25,25,/content/drive/MyDrive/HyperN/EMBD/Poincare_Gensim/Seminar_DS/embeddings_nonhyper_25/default_nonhyper_25.model
40,0.26725685596466064,0.7327431440353394,0.840351402759552,0.42757201194763184,0.5722625851631165,0.5355388522148132,0.7665019035339355,0.6868053674697876,0.5073561072349548,0.840351402759552,0.42757201194763184,0.5722625851631165,0.5355388522148132,0.5073561072349548,0.0,332,193,606,0,B,plus_katz,Hyp3,poincare,DEFAULT,embeddings_nonhyper_25__default_nonhyper_25,25,/content/drive/MyDrive/HyperN/EMBD/Poincare_Gensim/Seminar_DS/embeddings_nonhyper_25/default_nonhyper_25.model
41,0.25948482751846313,0.7405151724815369,0.8375847339630127,0.4253309965133667,0.5631777048110962,0.5277878046035767,0.7753164768218994,0.693861186504364,0.5061774849891663,0.8375847339630127,0.4253309965133667,0.5631777048110962,0.5277878046035767,0.5061774849891663,0.0,332,193,606,0,B,plus_katz,Hyp3,poincare,DEFAULT,embeddings_nonhyper_25__default_nonhyper_25,25,/content/drive/MyDrive/HyperN/EMBD/Poincare_Gensim/Seminar_DS/embeddings_nonhyper_25/default_nonhyper_25.model
42,0.25175052881240845,0.7482494711875916,0.8346598744392395,0.4232600927352905,0.5541681051254272,0.5277260541915894,0.7839521169662476,0.7010493278503418,0.5047042369842529,0.8346598744392395,0.4232600927352905,0.5541681051254272,0.5277260541915894,0.5047042369842529,0.0,332,193,606,0,B,plus_katz,Hyp3,poincare,DEFAULT,embeddings_nonhyper_25__default_nonhyper_25,25,/content/drive/MyDrive/HyperN/EMBD/Poincare_Gensim/Seminar_DS/embeddings_nonhyper_25/default_nonhyper_25.model
43,0.2441023588180542,0.7558976411819458,0.831576943397522,0.42135632038116455,0.5452581644058228,0.5261020064353943,0.7923930287361145,0.708345890045166,0.5029308795928955,0.831576943397522,0.42135632038116455,0.5452581644058228,0.5261020064353943,0.5029308795928955,0.0,332,193,606,0,B,plus_katz,Hyp3,poincare,DEFAULT,embeddings_nonhyper_25__default_nonhyper_25,25,/content/drive/MyDrive/HyperN/EMBD/Poincare_Gensim/Seminar_DS/embeddings_nonhyper_25/default_nonhyper_25.model
44,0.23648297786712646,0.7635170221328735,0.8283383250236511,0.419614315032959,0.5364699363708496,0.5430222749710083,0.800624668598175,0.715725302696228,0.5008523464202881,0.8283383250236511,0.419614315032959,0.5364699363708496,0.5430222749710083,0.5008523464202881,0.0,332,193,606,0,B,plus_katz,Hyp3,poincare,DEFAULT,embeddings_nonhyper_25__default_nonhyper_25,25,/content/drive/MyDrive/HyperN/EMBD/Poincare_Gensim/Seminar_DS/embeddings_nonhyper_25/default_nonhyper_25.model
45,0.22911334037780762,0.7708866596221924,0.8249494433403015,0.4180283546447754,0.5278263092041016,0.5238020420074463,0.8086332082748413,0.7231612801551819,0.49846720695495605,0.8249494433403015,0.4180283546447754,0.5278263092041016,0.5238020420074463,0.49846720695495605,0.0,332,193,606,0,B,plus_katz,Hyp3,poincare,DEFAULT,embeddings_nonhyper_25__default_nonhyper_25,25,/content/drive/MyDrive/HyperN/EMBD/Poincare_Gensim/Seminar_DS/embeddings_nonhyper_25/default_nonhyper_25.model
46,0.22180843353271484,0.7781915664672852,0.8214178085327148,0.4165898561477661,0.5193461179733276,0.5227444171905518,0.8164072036743164,0.7306244373321533,0.495775043964386,0.8214178085327148,0.4165898561477661,0.5193461179733276,0.5227444171905518,0.495775043964386,0.0,332,193,606,0,B,plus_katz,Hyp3,poincare,DEFAULT,embeddings_nonhyper_25__default_nonhyper_25,25,/content/drive/MyDrive/HyperN/EMBD/Poincare_Gensim/Seminar_DS/embeddings_nonhyper_25/default_nonhyper_25.model
47,0.21464204788208008,0.7853579521179199,0.8177537322044373,0.4152901768684387,0.5110483169555664,0.5242030620574951,0.8239359855651855,0.7380859851837158,0.4927777647972107,0.8177537322044373,0.4152901768684387,0.5110483169555664,0.5242030620574951,0.4927777647972107,0.0,332,193,606,0,B,plus_katz,Hyp3,poincare,DEFAULT,embeddings_nonhyper_25__default_nonhyper_25,25,/content/drive/MyDrive/HyperN/EMBD/Poincare_Gensim/Seminar_DS/embeddings_nonhyper_25/default_nonhyper_25.model
48,0.20765632390975952,0.7923436760902405,0.8139699101448059,0.4141197204589844,0.5029501914978027,0.5220167636871338,0.8312104940414429,0.745516300201416,0.489479660987854,0.8139699101448059,0.4141197204589844,0.5029501914978027,0.5220167636871338,0.489479660987854,0.0,332,193,606,0,B,plus_katz,Hyp3,poincare,DEFAULT,embeddings_nonhyper_25__default_nonhyper_25,25,/content/drive/MyDrive/HyperN/EMBD/Poincare_Gensim/Seminar_DS/embeddings_nonhyper_25/default_nonhyper_25.model
49,0.2008512020111084,0.7991487979888916,0.8100811243057251,0.4130682945251465,0.4950668215751648,0.5200328230857849,0.8382231593132019,0.752886176109314,0.4858875870704651,0.8100811243057251,0.4130682945251465,0.4950668215751648,0.5200328230857849,0.4858875870704651,0.0,332,193,606,0,B,plus_katz,Hyp3,poincare,DEFAULT,embeddings_nonhyper_25__default_nonhyper_25,25,/content/drive/MyDrive/HyperN/EMBD/Poincare_Gensim/Seminar_DS/embeddings_nonhyper_25/default_nonhyper_25.model
50,0.19424331188201904,0.805756688117981,0.8061037063598633,0.41212546825408936,0.4874116778373718,0.5177518725395203,0.8449680805206299,0.760167121887207,0.48201102018356323,0.8061037063598633,0.41212546825408936,0.4874116778373718,0.5177518725395203,0.48201102018356323,0.0,332,193,606,0,B,plus_katz,Hyp3,poincare,DEFAULT,embeddings_nonhyper_25__default_nonhyper_25,25,/content/drive/MyDrive/HyperN/EMBD/Poincare_Gensim/Seminar_DS/embeddings_nonhyper_25/default_nonhyper_25.model
51,0.1878436803817749,0.8121563196182251,0.8020552396774292,0.41128015518188477,0.47999465465545654,0.5156192183494568,0.8514410257339478,0.7673320770263672,0.4778596758842468,0.8020552396774292,0.41128015518188477,0.47999465465545654,0.5156192183494568,0.4778596758842468,0.0,332,193,606,0,B,plus_katz,Hyp3,poincare,DEFAULT,embeddings_nonhyper_25__default_nonhyper_25,25,/content/drive/MyDrive/HyperN/EMBD/Poincare_Gensim/Seminar_DS/embeddings_nonhyper_25/default_nonhyper_25.model
52,0.18160974979400635,0.8183902502059937,0.7979549765586853,0.4105229377746582,0.47282731533050537,0.5243953466415405,0.8576383590698242,0.7743573188781738,0.4734448790550232,0.7979549765586853,0.4105229377746582,0.47282731533050537,0.5243953466415405,0.4734448790550232,0.0,332,193,606,0,B,plus_katz,Hyp3,poincare,DEFAULT,embeddings_nonhyper_25__default_nonhyper_25,25,/content/drive/MyDrive/HyperN/EMBD/Poincare_Gensim/Seminar_DS/embeddings_nonhyper_25/default_nonhyper_25.model
53,0.17567014694213867,0.8243298530578613,0.7938228249549866,0.40984463691711426,0.46591877937316895,0.5198710560798645,0.8635575771331787,0.7812222242355347,0.46878135204315186,0.7938228249549866,0.40984463691711426,0.46591877937316895,0.5198710560798645,0.46878135204315186,0.0,332,193,606,0,B,plus_katz,Hyp3,poincare,DEFAULT,embeddings_nonhyper_25__default_nonhyper_25,25,/content/drive/MyDrive/HyperN/EMBD/Poincare_Gensim/Seminar_DS/embeddings_nonhyper_25/default_nonhyper_25.model
54,0.16997146606445312,0.8300285339355469,0.7896788120269775,0.40923643112182617,0.4592759609222412,0.514777660369873,0.8691981434822083,0.7879084944725037,0.46388643980026245,0.7896788120269775,0.40923643112182617,0.4592759609222412,0.514777660369873,0.46388643980026245,0.0,332,193,606,0,B,plus_katz,Hyp3,poincare,DEFAULT,embeddings_nonhyper_25__default_nonhyper_25,25,/content/drive/MyDrive/HyperN/EMBD/Poincare_Gensim/Seminar_DS/embeddings_nonhyper_25/default_nonhyper_25.model
55,0.1645302176475525,0.8354697823524475,0.7855429649353027,0.40869003534317017,0.4529041647911072,0.5071664452552795,0.8745605945587158,0.7944014072418213,0.45878010988235474,0.7855429649353027,0.40869003534317017,0.4529041647911072,0.5071664452552795,0.45878010988235474,0.0,332,193,606,0,B,plus_katz,Hyp3,poincare,DEFAULT,embeddings_nonhyper_25__default_nonhyper_25,25,/content/drive/MyDrive/HyperN/EMBD/Poincare_Gensim/Seminar_DS/embeddings_nonhyper_25/default_nonhyper_25.model
56,0.15928280353546143,0.8407171964645386,0.7814342379570007,0.40819770097732544,0.446805477142334,0.5086313486099243,0.8796469569206238,0.8006899356842041,0.4534837007522583,0.7814342379570007,0.40819770097732544,0.446805477142334,0.5086313486099243,0.4534837007522583,0.0,332,193,606,0,B,plus_katz,Hyp3,poincare,DEFAULT,embeddings_nonhyper_25__default_nonhyper_25,25,/content/drive/MyDrive/HyperN/EMBD/Poincare_Gensim/Seminar_DS/embeddings_nonhyper_25/default_nonhyper_25.model
57,0.15431851148605347,0.8456814885139465,0.7773710489273071,0.4077528715133667,0.44098150730133057,0.5035294890403748,0.8844603300094604,0.8067672848701477,0.4480202794075012,0.7773710489273071,0.4077528715133667,0.44098150730133057,0.5035294890403748,0.4480202794075012,0.0,332,193,606,0,B,plus_katz,Hyp3,poincare,DEFAULT,embeddings_nonhyper_25__default_nonhyper_25,25,/content/drive/MyDrive/HyperN/EMBD/Poincare_Gensim/Seminar_DS/embeddings_nonhyper_25/default_nonhyper_25.model
58,0.14956414699554443,0.8504358530044556,0.7733711004257202,0.40735018253326416,0.43543314933776855,0.5038361549377441,0.8890043497085571,0.8126311302185059,0.4424135088920593,0.7733711004257202,0.40735018253326416,0.43543314933776855,0.5038361549377441,0.4424135088920593,0.0,332,193,606,0,B,plus_katz,Hyp3,poincare,DEFAULT,embeddings_nonhyper_25__default_nonhyper_25,25,/content/drive/MyDrive/HyperN/EMBD/Poincare_Gensim/Seminar_DS/embeddings_nonhyper_25/default_nonhyper_25.model
59,0.14506089687347412,0.8549391031265259,0.7694510817527771,0.4069852828979492,0.43016111850738525,0.501930832862854,0.8932833671569824,0.8182839155197144,0.4366905689239502,0.7694510817527771,0.4069852828979492,0.43016111850738525,0.501930832862854,0.4366905689239502,0.0,332,193,606,0,B,plus_katz,Hyp3,poincare,DEFAULT,embeddings_nonhyper_25__default_nonhyper_25,25,/content/drive/MyDrive/HyperN/EMBD/Poincare_Gensim/Seminar_DS/embeddings_nonhyper_25/default_nonhyper_25.model
60,0.140785813331604,0.859214186668396,0.7656247019767761,0.4066535234451294,0.4251612424850464,0.5004104375839233,0.8973038792610168,0.8237309455871582,0.43087702989578247,0.7656247019767761,0.4066535234451294,0.4251612424850464,0.5004104375839233,0.43087702989578247,0.0,332,193,606,0,B,plus_katz,Hyp3,poincare,DEFAULT,embeddings_nonhyper_25__default_nonhyper_25,25,/content/drive/MyDrive/HyperN/EMBD/Poincare_Gensim/Seminar_DS/embeddings_nonhyper_25/default_nonhyper_25.model
61,0.13657009601593018,0.8634299039840698,0.7619053721427917,0.40635228157043457,0.4204317331314087,0.5228363275527954,0.9010721445083618,0.8289819955825806,0.4249974489212036,0.7619053721427917,0.40635228157043457,0.4204317331314087,0.5228363275527954,0.4249974489212036,0.0,332,193,606,0,B,plus_katz,Hyp3,poincare,DEFAULT,embeddings_nonhyper_25__default_nonhyper_25,25,/content/drive/MyDrive/HyperN/EMBD/Poincare_Gensim/Seminar_DS/embeddings_nonhyper_25/default_nonhyper_25.model
62,0.13290858268737793,0.8670914173126221,0.758305013179779,0.40607941150665283,0.41597050428390503,0.4946189522743225,0.9045953154563904,0.8340504169464111,0.41908109188079834,0.758305013179779,0.40607941150665283,0.41597050428390503,0.4946189522743225,0.41908109188079834,0.0,332,193,606,0,B,plus_katz,Hyp3,poincare,DEFAULT,embeddings_nonhyper_25__default_nonhyper_25,25,/content/drive/MyDrive/HyperN/EMBD/Poincare_Gensim/Seminar_DS/embeddings_nonhyper_25/default_nonhyper_25.model
63,0.12926524877548218,0.8707347512245178,0.7548327445983887,0.4058322310447693,0.41177111864089966,0.49307847023010254,0.9078815579414368,0.8389491438865662,0.41315537691116333,0.7548327445983887,0.4058322310447693,0.41177111864089966,0.49307847023010254,0.41315537691116333,0.0,332,193,606,0,B,plus_katz,Hyp3,poincare,DEFAULT,embeddings_nonhyper_25__default_nonhyper_25,25,/content/drive/MyDrive/HyperN/EMBD/Poincare_Gensim/Seminar_DS/embeddings_nonhyper_25/default_nonhyper_25.model
64,0.12575221061706543,0.8742477893829346,0.7514954805374146,0.40560877323150635,0.4078255891799927,0.49893641471862793,0.9109402894973755,0.8436936140060425,0.4072449803352356,0.7514954805374146,0.40560877323150635,0.4078255891799927,0.49893641471862793,0.4072449803352356,0.0,332,193,606,0,B,plus_katz,Hyp3,poincare,DEFAULT,embeddings_nonhyper_25__default_nonhyper_25,25,/content/drive/MyDrive/HyperN/EMBD/Poincare_Gensim/Seminar_DS/embeddings_nonhyper_25/default_nonhyper_25.model
65,0.12251025438308716,0.8774897456169128,0.748299241065979,0.4054079055786133,0.4041285514831543,0.49178993701934814,0.913780927658081,0.8483014106750488,0.40137600898742676,0.748299241065979,0.4054079055786133,0.4041285514831543,0.49178993701934814,0.40137600898742676,0.0,332,193,606,0,B,plus_katz,Hyp3,poincare,DEFAULT,embeddings_nonhyper_25__default_nonhyper_25,25,/content/drive/MyDrive/HyperN/EMBD/Poincare_Gensim/Seminar_DS/embeddings_nonhyper_25/default_nonhyper_25.model
66,0.11938899755477905,0.880611002445221,0.7452474236488342,0.40522831678390503,0.40067028999328613,0.48977065086364746,0.9164136648178101,0.8527899384498596,0.39557158946990967,0.7452474236488342,0.40522831678390503,0.40067028999328613,0.48977065086364746,0.39557158946990967,0.0,332,193,606,0,B,plus_katz,Hyp3,poincare,DEFAULT,embeddings_nonhyper_25__default_nonhyper_25,25,/content/drive/MyDrive/HyperN/EMBD/Poincare_Gensim/Seminar_DS/embeddings_nonhyper_25/default_nonhyper_25.model
67,0.1163899302482605,0.8836100697517395,0.7423422932624817,0.4050689935684204,0.39744311571121216,0.4905967712402344,0.9188491106033325,0.8571770191192627,0.38985347747802734,0.7423422932624817,0.4050689935684204,0.39744311571121216,0.4905967712402344,0.38985347747802734,0.0,332,193,606,0,B,plus_katz,Hyp3,poincare,DEFAULT,embeddings_nonhyper_25__default_nonhyper_25,25,/content/drive/MyDrive/HyperN/EMBD/Poincare_Gensim/Seminar_DS/embeddings_nonhyper_25/default_nonhyper_25.model
68,0.11358416080474854,0.8864158391952515,0.7395836114883423,0.40492868423461914,0.39443546533584595,0.4841688871383667,0.9210984706878662,0.8614798784255981,0.38424044847488403,0.7395836114883423,0.40492868423461914,0.39443546533584595,0.4841688871383667,0.38424044847488403,0.0,332,193,606,0,B,plus_katz,Hyp3,poincare,DEFAULT,embeddings_nonhyper_25__default_nonhyper_25,25,/content/drive/MyDrive/HyperN/EMBD/Poincare_Gensim/Seminar_DS/embeddings_nonhyper_25/default_nonhyper_25.model
69,0.1108747124671936,0.8891252875328064,0.736971914768219,0.40480709075927734,0.3916413187980652,0.48071086406707764,0.9231725931167603,0.8657145500183105,0.37875068187713623,0.736971914768219,0.40480709075927734,0.3916413187980652,0.48071086406707764,0.37875068187713623,0.0,332,193,606,0,B,plus_katz,Hyp3,poincare,DEFAULT,embeddings_nonhyper_25__default_nonhyper_25,25,/content/drive/MyDrive/HyperN/EMBD/Poincare_Gensim/Seminar_DS/embeddings_nonhyper_25/default_nonhyper_25.model
70,0.10827332735061646,0.8917266726493835,0.734504759311676,0.4047030210494995,0.389049232006073,0.47747015953063965,0.925083577632904,0.8698940277099609,0.37340033054351807,0.734504759311676,0.4047030210494995,0.389049232006073,0.47747015953063965,0.37340033054351807,0.0,332,193,606,0,B,plus_katz,Hyp3,poincare,DEFAULT,embeddings_nonhyper_25__default_nonhyper_25,25,/content/drive/MyDrive/HyperN/EMBD/Poincare_Gensim/Seminar_DS/embeddings_nonhyper_25/default_nonhyper_25.model
71,0.10570943355560303,0.894290566444397,0.732179582118988,0.40461552143096924,0.38664984703063965,0.4809512495994568,0.9268437027931213,0.8740288019180298,0.3682031035423279,0.732179582118988,0.40461552143096924,0.38664984703063965,0.4809512495994568,0.3682031035423279,0.0,332,193,606,0,B,plus_katz,Hyp3,poincare,DEFAULT,embeddings_nonhyper_25__default_nonhyper_25,25,/content/drive/MyDrive/HyperN/EMBD/Poincare_Gensim/Seminar_DS/embeddings_nonhyper_25/default_nonhyper_25.model
72,0.10308980941772461,0.8969101905822754,0.7299923896789551,0.40454351902008057,0.38443344831466675,0.49998360872268677,0.928465723991394,0.8781267404556274,0.3631698489189148,0.7299923896789551,0.40454351902008057,0.38443344831466675,0.49998360872268677,0.3631698489189148,0.0,332,193,606,0,B,plus_katz,Hyp3,poincare,DEFAULT,embeddings_nonhyper_25__default_nonhyper_25,25,/content/drive/MyDrive/HyperN/EMBD/Poincare_Gensim/Seminar_DS/embeddings_nonhyper_25/default_nonhyper_25.model
73,0.10089659690856934,0.8991034030914307,0.7279399633407593,0.40448635816574097,0.3823927640914917,0.4822350740432739,0.9299626350402832,0.8821924924850464,0.3583153486251831,0.7279399633407593,0.40448635816574097,0.3823927640914917,0.4822350740432739,0.3583153486251831,0.0,332,193,606,0,B,plus_katz,Hyp3,poincare,DEFAULT,embeddings_nonhyper_25__default_nonhyper_25,25,/content/drive/MyDrive/HyperN/EMBD/Poincare_Gensim/Seminar_DS/embeddings_nonhyper_25/default_nonhyper_25.model
74,0.09860050678253174,0.9013994932174683,0.7260148525238037,0.40444159507751465,0.3805123567581177,0.4839118719100952,0.9313488006591797,0.8862237930297852,0.35365211963653564,0.7260148525238037,0.40444159507751465,0.3805123567581177,0.4839118719100952,0.35365211963653564,0.0,332,193,606,0,B,plus_katz,Hyp3,poincare,DEFAULT,embeddings_nonhyper_25__default_nonhyper_25,25,/content/drive/MyDrive/HyperN/EMBD/Poincare_Gensim/Seminar_DS/embeddings_nonhyper_25/default_nonhyper_25.model
75,0.0964694619178772,0.9035305380821228,0.7242109179496765,0.4044073820114136,0.3787800073623657,0.4768018126487732,0.9326388239860535,0.8902153968811035,0.34918808937072754,0.7242109179496765,0.4044073820114136,0.3787800073623657,0.4768018126487732,0.34918808937072754,0.0,332,193,606,0,B,plus_katz,Hyp3,poincare,DEFAULT,embeddings_nonhyper_25__default_nonhyper_25,25,/content/drive/MyDrive/HyperN/EMBD/Poincare_Gensim/Seminar_DS/embeddings_nonhyper_25/default_nonhyper_25.model
76,0.09429770708084106,0.9057022929191589,0.7225237488746643,0.40438222885131836,0.3771896958351135,0.48101818561553955,0.9338468313217163,0.8941602110862732,0.3449310064315796,0.7225237488746643,0.40438222885131836,0.3771896958351135,0.48101818561553955,0.3449310064315796,0.0,332,193,606,0,B,plus_katz,Hyp3,poincare,DEFAULT,embeddings_nonhyper_25__default_nonhyper_25,25,/content/drive/MyDrive/HyperN/EMBD/Poincare_Gensim/Seminar_DS/embeddings_nonhyper_25/default_nonhyper_25.model
77,0.09232902526855469,0.9076709747314453,0.7209477424621582,0.4043642282485962,0.3757321834564209,0.4728837013244629,0.9349873065948486,0.8980481624603271,0.3408888578414917,0.7209477424621582,0.4043642282485962,0.3757321834564209,0.4728837013244629,0.3408888578414917,0.0,332,193,606,0,B,plus_katz,Hyp3,poincare,DEFAULT,embeddings_nonhyper_25__default_nonhyper_25,25,/content/drive/MyDrive/HyperN/EMBD/Poincare_Gensim/Seminar_DS/embeddings_nonhyper_25/default_nonhyper_25.model
78,0.09029477834701538,0.9097052216529846,0.7194756865501404,0.4043503999710083,0.3743947744369507,0.47768616676330566,0.9360750317573547,0.9018660187721252,0.3370630145072937,0.7194756865501404,0.4043503999710083,0.3743947744369507,0.47768616676330566,0.3370630145072937,0.0,332,193,606,0,B,plus_katz,Hyp3,poincare,DEFAULT,embeddings_nonhyper_25__default_nonhyper_25,25,/content/drive/MyDrive/HyperN/EMBD/Poincare_Gensim/Seminar_DS/embeddings_nonhyper_25/default_nonhyper_25.model
79,0.08847391605377197,0.911526083946228,0.7181026339530945,0.404339075088501,0.3731711506843567,0.46963250637054443,0.9371229410171509,0.9056034088134766,0.3334563374519348,0.7181026339530945,0.404339075088501,0.3731711506843567,0.46963250637054443,0.3334563374519348,0.0,332,193,606,0,B,plus_katz,Hyp3,poincare,DEFAULT,embeddings_nonhyper_25__default_nonhyper_25,25,/content/drive/MyDrive/HyperN/EMBD/Poincare_Gensim/Seminar_DS/embeddings_nonhyper_25/default_nonhyper_25.model
80,0.08660656213760376,0.9133934378623962,0.7168224453926086,0.4043276309967041,0.3720513582229614,0.47208642959594727,0.9381436705589294,0.9092478156089783,0.33007001876831055,0.7168224453926086,0.4043276309967041,0.3720513582229614,0.47208642959594727,0.33007001876831055,0.0,332,193,606,0,B,plus_katz,Hyp3,poincare,DEFAULT,embeddings_nonhyper_25__default_nonhyper_25,25,/content/drive/MyDrive/HyperN/EMBD/Poincare_Gensim/Seminar_DS/embeddings_nonhyper_25/default_nonhyper_25.model
81,0.0848117470741272,0.9151882529258728,0.7156286835670471,0.40431392192840576,0.3710261583328247,0.4742755889892578,0.9391491413116455,0.9127842783927917,0.32690370082855225,0.7156286835670471,0.40431392192840576,0.3710261583328247,0.4742755889892578,0.32690370082855225,0.0,332,193,606,0,B,plus_katz,Hyp3,poincare,DEFAULT,embeddings_nonhyper_25__default_nonhyper_25,25,/content/drive/MyDrive/HyperN/EMBD/Poincare_Gensim/Seminar_DS/embeddings_nonhyper_25/default_nonhyper_25.model
82,0.08304941654205322,0.9169505834579468,0.7145165205001831,0.40429556369781494,0.37008899450302124,0.4796101450920105,0.9401503205299377,0.9161965847015381,0.32396048307418823,0.7145165205001831,0.40429556369781494,0.37008899450302124,0.4796101450920105,0.32396048307418823,0.0,332,193,606,0,B,plus_katz,Hyp3,poincare,DEFAULT,embeddings_nonhyper_25__default_nonhyper_25,25,/content/drive/MyDrive/HyperN/EMBD/Poincare_Gensim/Seminar_DS/embeddings_nonhyper_25/default_nonhyper_25.model
83,0.08123928308486938,0.9187607169151306,0.7134782671928406,0.4042702913284302,0.36922764778137207,0.4946497678756714,0.9411584734916687,0.9194715023040771,0.32123613357543945,0.7134782671928406,0.4042702913284302,0.36922764778137207,0.4946497678756714,0.32123613357543945,0.0,332,193,606,0,B,plus_katz,Hyp3,poincare,DEFAULT,embeddings_nonhyper_25__default_nonhyper_25,25,/content/drive/MyDrive/HyperN/EMBD/Poincare_Gensim/Seminar_DS/embeddings_nonhyper_25/default_nonhyper_25.model
84,0.07988911867141724,0.9201108813285828,0.7125129699707031,0.40423715114593506,0.3684438467025757,0.47674697637557983,0.9421812295913696,0.9226038455963135,0.3187297582626343,0.7125129699707031,0.40423715114593506,0.3684438467025757,0.47674697637557983,0.3187297582626343,0.0,332,193,606,0,B,plus_katz,Hyp3,poincare,DEFAULT,embeddings_nonhyper_25__default_nonhyper_25,25,/content/drive/MyDrive/HyperN/EMBD/Poincare_Gensim/Seminar_DS/embeddings_nonhyper_25/default_nonhyper_25.model
85,0.07823556661605835,0.9217644333839417,0.7116149663925171,0.404194712638855,0.36772942543029785,0.488960862159729,0.9432247877120972,0.9255886077880859,0.3164365291595459,0.7116149663925171,0.404194712638855,0.36772942543029785,0.488960862159729,0.3164365291595459,0.0,332,193,606,0,B,plus_katz,Hyp3,poincare,DEFAULT,embeddings_nonhyper_25__default_nonhyper_25,25,/content/drive/MyDrive/HyperN/EMBD/Poincare_Gensim/Seminar_DS/embeddings_nonhyper_25/default_nonhyper_25.model
86,0.0770464539527893,0.9229535460472107,0.7107804417610168,0.4041421413421631,0.3670802712440491,0.4690166711807251,0.9442936778068542,0.9284248352050781,0.31435322761535645,0.7107804417610168,0.4041421413421631,0.3670802712440491,0.4690166711807251,0.31435322761535645,0.0,332,193,606,0,B,plus_katz,Hyp3,poincare,DEFAULT,embeddings_nonhyper_25__default_nonhyper_25,25,/content/drive/MyDrive/HyperN/EMBD/Poincare_Gensim/Seminar_DS/embeddings_nonhyper_25/default_nonhyper_25.model
87,0.07576370239257812,0.9242362976074219,0.7100040912628174,0.4040784239768982,0.36648833751678467,0.46148574352264404,0.9453904032707214,0.9311122894287109,0.31247371435165405,0.7100040912628174,0.4040784239768982,0.36648833751678467,0.46148574352264404,0.31247371435165405,0.0,332,193,606,0,B,plus_katz,Hyp3,poincare,DEFAULT,embeddings_nonhyper_25__default_nonhyper_25,25,/content/drive/MyDrive/HyperN/EMBD/Poincare_Gensim/Seminar_DS/embeddings_nonhyper_25/default_nonhyper_25.model
88,0.07416892051696777,0.9258310794830322,0.7092819213867188,0.4040032625198364,0.36594849824905396,0.4813385009765625,0.9465152621269226,0.9336534142494202,0.310788094997406,0.7092819213867188,0.4040032625198364,0.36594849824905396,0.4813385009765625,0.310788094997406,0.0,332,193,606,0,B,plus_katz,Hyp3,poincare,DEFAULT,embeddings_nonhyper_25__default_nonhyper_25,25,/content/drive/MyDrive/HyperN/EMBD/Poincare_Gensim/Seminar_DS/embeddings_nonhyper_25/default_nonhyper_25.model
89,0.07302552461624146,0.9269744753837585,0.7086111903190613,0.40391671657562256,0.36545896530151367,0.47115635871887207,0.9476673007011414,0.9360530376434326,0.3092877268791199,0.7086111903190613,0.40391671657562256,0.36545896530151367,0.47115635871887207,0.3092877268791199,0.0,332,193,606,0,B,plus_katz,Hyp3,poincare,DEFAULT,embeddings_nonhyper_25__default_nonhyper_25,25,/content/drive/MyDrive/HyperN/EMBD/Poincare_Gensim/Seminar_DS/embeddings_nonhyper_25/default_nonhyper_25.model
90,0.07168245315551758,0.9283175468444824,0.7079910039901733,0.40381932258605957,0.3650202751159668,0.47930967807769775,0.9488434195518494,0.9383164048194885,0.3079621195793152,0.7079910039901733,0.40381932258605957,0.3650202751159668,0.47930967807769775,0.3079621195793152,0.0,332,193,606,0,B,plus_katz,Hyp3,poincare,DEFAULT,embeddings_nonhyper_25__default_nonhyper_25,25,/content/drive/MyDrive/HyperN/EMBD/Poincare_Gensim/Seminar_DS/embeddings_nonhyper_25/default_nonhyper_25.model
91,0.07061588764190674,0.9293841123580933,0.7074181437492371,0.40371131896972656,0.3646290898323059,0.470880389213562,0.9500395059585571,0.9404507875442505,0.3068026900291443,0.7074181437492371,0.40371131896972656,0.3646290898323059,0.470880389213562,0.3068026900291443,0.0,332,193,606,0,B,plus_katz,Hyp3,poincare,DEFAULT,embeddings_nonhyper_25__default_nonhyper_25,25,/content/drive/MyDrive/HyperN/EMBD/Poincare_Gensim/Seminar_DS/embeddings_nonhyper_25/default_nonhyper_25.model
92,0.06928426027297974,0.9307157397270203,0.7068870663642883,0.4035928249359131,0.3642771244049072,0.48454147577285767,0.9512516260147095,0.9424625635147095,0.3057953119277954,0.7068870663642883,0.4035928249359131,0.3642771244049072,0.48454147577285767,0.3057953119277954,0.0,332,193,606,0,B,plus_katz,Hyp3,poincare,DEFAULT,embeddings_nonhyper_25__default_nonhyper_25,25,/content/drive/MyDrive/HyperN/EMBD/Poincare_Gensim/Seminar_DS/embeddings_nonhyper_25/default_nonhyper_25.model
93,0.0684208869934082,0.9315791130065918,0.7064010500907898,0.4034655690193176,0.3639737367630005,0.4685003161430359,0.9524730443954468,0.9443609714508057,0.3049296736717224,0.7064010500907898,0.4034655690193176,0.3639737367630005,0.4685003161430359,0.3049296736717224,0.0,332,193,606,0,B,plus_katz,Hyp3,poincare,DEFAULT,embeddings_nonhyper_25__default_nonhyper_25,25,/content/drive/MyDrive/HyperN/EMBD/Poincare_Gensim/Seminar_DS/embeddings_nonhyper_25/default_nonhyper_25.model
94,0.06735515594482422,0.9326448440551758,0.7059574723243713,0.40333032608032227,0.3637155294418335,0.469707727432251,0.9536977410316467,0.946152925491333,0.3041982054710388,0.7059574723243713,0.40333032608032227,0.3637155294418335,0.469707727432251,0.3041982054710388,0.0,332,193,606,0,B,plus_katz,Hyp3,poincare,DEFAULT,embeddings_nonhyper_25__default_nonhyper_25,25,/content/drive/MyDrive/HyperN/EMBD/Poincare_Gensim/Seminar_DS/embeddings_nonhyper_25/default_nonhyper_25.model
95,0.06653130054473877,0.9334686994552612,0.7055509090423584,0.4031871557235718,0.36349397897720337,0.45789575576782227,0.9549204111099243,0.9478448629379272,0.30358827114105225,0.7055509090423584,0.4031871557235718,0.36349397897720337,0.45789575576782227,0.30358827114105225,0.0,332,193,606,0,B,plus_katz,Hyp3,poincare,DEFAULT,embeddings_nonhyper_25__default_nonhyper_25,25,/content/drive/MyDrive/HyperN/EMBD/Poincare_Gensim/Seminar_DS/embeddings_nonhyper_25/default_nonhyper_25.model
96,0.06485390663146973,0.9351460933685303,0.7051821351051331,0.4030376672744751,0.3633127212524414,0.5058222413063049,0.9561340808868408,0.9494441747665405,0.3030877113342285,0.7051821351051331,0.4030376672744751,0.3633127212524414,0.5058222413063049,0.3030877113342285,0.0,332,193,606,0,B,plus_katz,Hyp3,poincare,DEFAULT,embeddings_nonhyper_25__default_nonhyper_25,25,/content/drive/MyDrive/HyperN/EMBD/Poincare_Gensim/Seminar_DS/embeddings_nonhyper_25/default_nonhyper_25.model
97,0.06426036357879639,0.9357396364212036,0.7048433423042297,0.40288209915161133,0.36316001415252686,0.4835621118545532,0.9573351740837097,0.9509587287902832,0.3026849031448364,0.7048433423042297,0.40288209915161133,0.36316001415252686,0.4835621118545532,0.3026849031448364,0.0,332,193,606,0,B,plus_katz,Hyp3,poincare,DEFAULT,embeddings_nonhyper_25__default_nonhyper_25,25,/content/drive/MyDrive/HyperN/EMBD/Poincare_Gensim/Seminar_DS/embeddings_nonhyper_25/default_nonhyper_25.model
98,0.06360775232315063,0.9363922476768494,0.7045420408248901,0.4027227759361267,0.36305201053619385,0.46909385919570923,0.9585167169570923,0.9523952603340149,0.30237144231796265,0.7045420408248901,0.4027227759361267,0.36305201053619385,0.46909385919570923,0.30237144231796265,0.0,332,193,606,0,B,plus_katz,Hyp3,poincare,DEFAULT,embeddings_nonhyper_25__default_nonhyper_25,25,/content/drive/MyDrive/HyperN/EMBD/Poincare_Gensim/Seminar_DS/embeddings_nonhyper_25/default_nonhyper_25.model
99,0.06265819072723389,0.9373418092727661,0.7042774558067322,0.40256059169769287,0.3629882335662842,0.4764169454574585,0.9596742391586304,0.9537586569786072,0.3021371364593506,0.7042774558067322,0.40256059169769287,0.3629882335662842,0.4764169454574585,0.3021371364593506,0.0,332,193,606,0,B,plus_katz,Hyp3,poincare,DEFAULT,embeddings_nonhyper_25__default_nonhyper_25,25,/content/drive/MyDrive/HyperN/EMBD/Poincare_Gensim/Seminar_DS/embeddings_nonhyper_25/default_nonhyper_25.model
100,0.06189161539077759,0.9381083846092224,0.7040504813194275,0.4023967981338501,0.3629719018936157,0.47473108768463135,0.9608034491539001,0.9550549983978271,0.3019726276397705,0.7040504813194275,0.4023967981338501,0.3629719018936157,0.47473108768463135,0.3019726276397705,0.0,332,193,606,0,B,plus_katz,Hyp3,poincare,DEFAULT,embeddings_nonhyper_25__default_nonhyper_25,25,/content/drive/MyDrive/HyperN/EMBD/Poincare_Gensim/Seminar_DS/embeddings_nonhyper_25/default_nonhyper_25.model
101,0.061406612396240234,0.9385933876037598,0.703860878944397,0.40223246812820435,0.36300402879714966,0.45843660831451416,0.9619010090827942,0.9562892913818359,0.30187124013900757,0.703860878944397,0.40223246812820435,0.36300402879714966,0.45843660831451416,0.30187124013900757,0.0,332,193,606,0,B,plus_katz,Hyp3,poincare,DEFAULT,embeddings_nonhyper_25__default_nonhyper_25,25,/content/drive/MyDrive/HyperN/EMBD/Poincare_Gensim/Seminar_DS/embeddings_nonhyper_25/default_nonhyper_25.model
102,0.05977755784988403,0.940222442150116,0.7037047147750854,0.4020681381225586,0.363078236579895,0.5154756903648376,0.9629643559455872,0.957465410232544,0.3018222451210022,0.7037047147750854,0.4020681381225586,0.363078236579895,0.5154756903648376,0.3018222451210022,0.0,332,193,606,0,B,plus_katz,Hyp3,poincare,DEFAULT,embeddings_nonhyper_25__default_nonhyper_25,25,/content/drive/MyDrive/HyperN/EMBD/Poincare_Gensim/Seminar_DS/embeddings_nonhyper_25/default_nonhyper_25.model
103,0.059988439083099365,0.9400115609169006,0.7035849690437317,0.4019049406051636,0.36320245265960693,0.46042072772979736,0.9639918208122253,0.958589494228363,0.3018236756324768,0.7035849690437317,0.4019049406051636,0.36320245265960693,0.46042072772979736,0.3018236756324768,0.0,332,193,606,0,B,plus_katz,Hyp3,poincare,DEFAULT,embeddings_nonhyper_25__default_nonhyper_25,25,/content/drive/MyDrive/HyperN/EMBD/Poincare_Gensim/Seminar_DS/embeddings_nonhyper_25/default_nonhyper_25.model
104,0.05932462215423584,0.9406753778457642,0.7034992575645447,0.4017433524131775,0.36337143182754517,0.4619523286819458,0.9649816751480103,0.959662914276123,0.3018665313720703,0.7034992575645447,0.4017433524131775,0.36337143182754517,0.4619523286819458,0.3018665313720703,0.0,332,193,606,0,B,plus_katz,Hyp3,poincare,DEFAULT,embeddings_nonhyper_25__default_nonhyper_25,25,/content/drive/MyDrive/HyperN/EMBD/Poincare_Gensim/Seminar_DS/embeddings_nonhyper_25/default_nonhyper_25.model
105,0.058637380599975586,0.9413626194000244,0.7034456729888916,0.40158385038375854,0.36358362436294556,0.4668470621109009,0.9659328460693359,0.9606891870498657,0.30194664001464844,0.7034456729888916,0.40158385038375854,0.36358362436294556,0.4668470621109009,0.30194664001464844,0.0,332,193,606,0,B,plus_katz,Hyp3,poincare,DEFAULT,embeddings_nonhyper_25__default_nonhyper_25,25,/content/drive/MyDrive/HyperN/EMBD/Poincare_Gensim/Seminar_DS/embeddings_nonhyper_25/default_nonhyper_25.model
106,0.058141350746154785,0.9418586492538452,0.7034246921539307,0.40142714977264404,0.3638406991958618,0.46258628368377686,0.9668453335762024,0.9616711735725403,0.3020572066307068,0.7034246921539307,0.40142714977264404,0.3638406991958618,0.46258628368377686,0.3020572066307068,0.0,332,193,606,0,B,plus_katz,Hyp3,poincare,DEFAULT,embeddings_nonhyper_25__default_nonhyper_25,25,/content/drive/MyDrive/HyperN/EMBD/Poincare_Gensim/Seminar_DS/embeddings_nonhyper_25/default_nonhyper_25.model
107,0.05758625268936157,0.9424137473106384,0.7034362554550171,0.40127384662628174,0.3641430139541626,0.46357423067092896,0.9677184820175171,0.962611734867096,0.30219370126724243,0.7034362554550171,0.40127384662628174,0.3641430139541626,0.46357423067092896,0.30219370126724243,0.0,332,193,606,0,B,plus_katz,Hyp3,poincare,DEFAULT,embeddings_nonhyper_25__default_nonhyper_25,25,/content/drive/MyDrive/HyperN/EMBD/Poincare_Gensim/Seminar_DS/embeddings_nonhyper_25/default_nonhyper_25.model
108,0.05700594186782837,0.9429940581321716,0.7034791111946106,0.4011245369911194,0.36448991298675537,0.46767544746398926,0.9685528874397278,0.9635130763053894,0.3023494482040405,0.7034791111946106,0.4011245369911194,0.36448991298675537,0.46767544746398926,0.3023494482040405,0.0,332,193,606,0,B,plus_katz,Hyp3,poincare,DEFAULT,embeddings_nonhyper_25__default_nonhyper_25,25,/content/drive/MyDrive/HyperN/EMBD/Poincare_Gensim/Seminar_DS/embeddings_nonhyper_25/default_nonhyper_25.model
109,0.05662482976913452,0.9433751702308655,0.7035533785820007,0.40097957849502563,0.3648829460144043,0.4621537923812866,0.9693489670753479,0.9643779397010803,0.30252373218536377,0.7035533785820007,0.40097957849502563,0.3648829460144043,0.4621537923812866,0.30252373218536377,0.0,332,193,606,0,B,plus_katz,Hyp3,poincare,DEFAULT,embeddings_nonhyper_25__default_nonhyper_25,25,/content/drive/MyDrive/HyperN/EMBD/Poincare_Gensim/Seminar_DS/embeddings_nonhyper_25/default_nonhyper_25.model
110,0.05600041151046753,0.9439995884895325,0.7036575675010681,0.4008389711380005,0.3653191924095154,0.4717458486557007,0.9701077938079834,0.9652076959609985,0.30270999670028687,0.7036575675010681,0.4008389711380005,0.3653191924095154,0.4717458486557007,0.30270999670028687,0.0,332,193,606,0,B,plus_katz,Hyp3,poincare,DEFAULT,embeddings_nonhyper_25__default_nonhyper_25,25,/content/drive/MyDrive/HyperN/EMBD/Poincare_Gensim/Seminar_DS/embeddings_nonhyper_25/default_nonhyper_25.model
111,0.055308759212493896,0.9446912407875061,0.7037951350212097,0.4007033109664917,0.3658057451248169,0.48657548427581787,0.970829963684082,0.9660048484802246,0.30290818214416504,0.7037951350212097,0.4007033109664917,0.3658057451248169,0.48657548427581787,0.30290818214416504,0.0,332,193,606,0,B,plus_katz,Hyp3,poincare,DEFAULT,embeddings_nonhyper_25__default_nonhyper_25,25,/content/drive/MyDrive/HyperN/EMBD/Poincare_Gensim/Seminar_DS/embeddings_nonhyper_25/default_nonhyper_25.model
112,0.055174171924591064,0.9448258280754089,0.7039636373519897,0.4005724787712097,0.3663387894630432,0.47136980295181274,0.9715169072151184,0.9667711853981018,0.30311620235443115,0.7039636373519897,0.4005724787712097,0.3663387894630432,0.47136980295181274,0.30311620235443115,0.0,332,193,606,0,B,plus_katz,Hyp3,poincare,DEFAULT,embeddings_nonhyper_25__default_nonhyper_25,25,/content/drive/MyDrive/HyperN/EMBD/Poincare_Gensim/Seminar_DS/embeddings_nonhyper_25/default_nonhyper_25.model
113,0.05498230457305908,0.9450176954269409,0.7041597366333008,0.4004465341567993,0.3669130802154541,0.46100783348083496,0.9721699357032776,0.9675077795982361,0.3033294677734375,0.7041597366333008,0.4004465341567993,0.3669130802154541,0.46100783348083496,0.3033294677734375,0.0,332,193,606,0,B,plus_katz,Hyp3,poincare,DEFAULT,embeddings_nonhyper_25__default_nonhyper_25,25,/content/drive/MyDrive/HyperN/EMBD/Poincare_Gensim/Seminar_DS/embeddings_nonhyper_25/default_nonhyper_25.model
114,0.0545806884765625,0.9454193115234375,0.7043852806091309,0.4003257155418396,0.36753231287002563,0.4632282257080078,0.9727901220321655,0.9682157635688782,0.30354970693588257,0.7043852806091309,0.4003257155418396,0.36753231287002563,0.4632282257080078,0.30354970693588257,0.0,332,193,606,0,B,plus_katz,Hyp3,poincare,DEFAULT,embeddings_nonhyper_25__default_nonhyper_25,25,/content/drive/MyDrive/HyperN/EMBD/Poincare_Gensim/Seminar_DS/embeddings_nonhyper_25/default_nonhyper_25.model
115,0.05366772413253784,0.9463322758674622,0.7046404480934143,0.40021002292633057,0.36819666624069214,0.4945496916770935,0.9733789563179016,0.9688962697982788,0.3037719130516052,0.7046404480934143,0.40021002292633057,0.36819666624069214,0.4945496916770935,0.3037719130516052,0.0,332,193,606,0,B,plus_katz,Hyp3,poincare,DEFAULT,embeddings_nonhyper_25__default_nonhyper_25,25,/content/drive/MyDrive/HyperN/EMBD/Poincare_Gensim/Seminar_DS/embeddings_nonhyper_25/default_nonhyper_25.model
116,0.053705453872680664,0.9462945461273193,0.7049272656440735,0.40009963512420654,0.36891084909439087,0.474526047706604,0.9739378094673157,0.9695515632629395,0.30399537086486816,0.7049272656440735,0.40009963512420654,0.36891084909439087,0.474526047706604,0.30399537086486816,0.0,332,193,606,0,B,plus_katz,Hyp3,poincare,DEFAULT,embeddings_nonhyper_25__default_nonhyper_25,25,/content/drive/MyDrive/HyperN/EMBD/Poincare_Gensim/Seminar_DS/embeddings_nonhyper_25/default_nonhyper_25.model
117,0.0536266565322876,0.9463733434677124,0.7052424550056458,0.3999943733215332,0.36967015266418457,0.4623371362686157,0.9744681119918823,0.9701820611953735,0.30422210693359375,0.7052424550056458,0.3999943733215332,0.36967015266418457,0.4623371362686157,0.30422210693359375,0.0,332,193,606,0,B,plus_katz,Hyp3,poincare,DEFAULT,embeddings_nonhyper_25__default_nonhyper_25,25,/content/drive/MyDrive/HyperN/EMBD/Poincare_Gensim/Seminar_DS/embeddings_nonhyper_25/default_nonhyper_25.model
118,0.05334198474884033,0.9466580152511597,0.7055836319923401,0.39989393949508667,0.370469331741333,0.46202850341796875,0.9749712347984314,0.9707882404327393,0.3044477701187134,0.7055836319923401,0.39989393949508667,0.370469331741333,0.46202850341796875,0.3044477701187134,0.0,332,193,606,0,B,plus_katz,Hyp3,poincare,DEFAULT,embeddings_nonhyper_25__default_nonhyper_25,25,/content/drive/MyDrive/HyperN/EMBD/Poincare_Gensim/Seminar_DS/embeddings_nonhyper_25/default_nonhyper_25.model
119,0.053069889545440674,0.9469301104545593,0.7059506177902222,0.39979851245880127,0.3713098168373108,0.46183663606643677,0.9754484295845032,0.9713714122772217,0.3046729564666748,0.7059506177902222,0.39979851245880127,0.3713098168373108,0.46183663606643677,0.3046729564666748,0.0,332,193,606,0,B,plus_katz,Hyp3,poincare,DEFAULT,embeddings_nonhyper_25__default_nonhyper_25,25,/content/drive/MyDrive/HyperN/EMBD/Poincare_Gensim/Seminar_DS/embeddings_nonhyper_25/default_nonhyper_25.model
120,0.05279344320297241,0.9472065567970276,0.7063437700271606,0.39970773458480835,0.3721909523010254,0.4625803232192993,0.9759012460708618,0.9719325304031372,0.3048980236053467,0.7063437700271606,0.39970773458480835,0.3721909523010254,0.4625803232192993,0.3048980236053467,0.0,332,193,606,0,B,plus_katz,Hyp3,poincare,DEFAULT,embeddings_nonhyper_25__default_nonhyper_25,25,/content/drive/MyDrive/HyperN/EMBD/Poincare_Gensim/Seminar_DS/embeddings_nonhyper_25/default_nonhyper_25.model
121,0.05248713493347168,0.9475128650665283,0.7067641019821167,0.3996216058731079,0.3731152415275574,0.4655192494392395,0.9763308167457581,0.9724724292755127,0.30512112379074097,0.7067641019821167,0.3996216058731079,0.3731152415275574,0.4655192494392395,0.30512112379074097,0.0,332,193,606,0,B,plus_katz,Hyp3,poincare,DEFAULT,embeddings_nonhyper_25__default_nonhyper_25,25,/content/drive/MyDrive/HyperN/EMBD/Poincare_Gensim/Seminar_DS/embeddings_nonhyper_25/default_nonhyper_25.model
122,0.05247229337692261,0.9475277066230774,0.7072078585624695,0.3995397090911865,0.374076247215271,0.45407265424728394,0.976738691329956,0.9729921221733093,0.30534595251083374,0.7072078585624695,0.3995397090911865,0.374076247215271,0.45407265424728394,0.30534595251083374,0.0,332,193,606,0,B,plus_katz,Hyp3,poincare,DEFAULT,embeddings_nonhyper_25__default_nonhyper_25,25,/content/drive/MyDrive/HyperN/EMBD/Poincare_Gensim/Seminar_DS/embeddings_nonhyper_25/default_nonhyper_25.model
123,0.05211591720581055,0.9478840827941895,0.7076750993728638,0.39946186542510986,0.37507402896881104,0.4607052803039551,0.977125883102417,0.973491907119751,0.3055691719055176,0.7076750993728638,0.39946186542510986,0.37507402896881104,0.4607052803039551,0.3055691719055176,0.0,332,193,606,0,B,plus_katz,Hyp3,poincare,DEFAULT,embeddings_nonhyper_25__default_nonhyper_25,25,/content/drive/MyDrive/HyperN/EMBD/Poincare_Gensim/Seminar_DS/embeddings_nonhyper_25/default_nonhyper_25.model
124,0.051737070083618164,0.9482629299163818,0.7081660628318787,0.39938807487487793,0.37610942125320435,0.4690247178077698,0.9774935841560364,0.9739730358123779,0.3057903051376343,0.7081660628318787,0.39938807487487793,0.37610942125320435,0.4690247178077698,0.3057903051376343,0.0,332,193,606,0,B,plus_katz,Hyp3,poincare,DEFAULT,embeddings_nonhyper_25__default_nonhyper_25,25,/content/drive/MyDrive/HyperN/EMBD/Poincare_Gensim/Seminar_DS/embeddings_nonhyper_25/default_nonhyper_25.model
125,0.051538288593292236,0.9484617114067078,0.7086833119392395,0.39931827783584595,0.3771875500679016,0.4685581922531128,0.9778427481651306,0.9744365215301514,0.3060097098350525,0.7086833119392395,0.39931827783584595,0.3771875500679016,0.4685581922531128,0.3060097098350525,0.0,332,193,606,0,B,plus_katz,Hyp3,poincare,DEFAULT,embeddings_nonhyper_25__default_nonhyper_25,25,/content/drive/MyDrive/HyperN/EMBD/Poincare_Gensim/Seminar_DS/embeddings_nonhyper_25/default_nonhyper_25.model
126,0.05150341987609863,0.9484965801239014,0.7092154622077942,0.3992515206336975,0.37828701734542847,0.46023643016815186,0.9781750440597534,0.9748826622962952,0.30622971057891846,0.7092154622077942,0.3992515206336975,0.37828701734542847,0.46023643016815186,0.30622971057891846,0.0,332,193,606,0,B,plus_katz,Hyp3,poincare,DEFAULT,embeddings_nonhyper_25__default_nonhyper_25,25,/content/drive/MyDrive/HyperN/EMBD/Poincare_Gensim/Seminar_DS/embeddings_nonhyper_25/default_nonhyper_25.model
127,0.05121588706970215,0.9487841129302979,0.7097715139389038,0.39918839931488037,0.37942492961883545,0.4651603698730469,0.9784908294677734,0.9753122925758362,0.30644649267196655,0.7097715139389038,0.39918839931488037,0.37942492961883545,0.4651603698730469,0.30644649267196655,0.0,332,193,606,0,B,plus_katz,Hyp3,poincare,DEFAULT,embeddings_nonhyper_25__default_nonhyper_25,25,/content/drive/MyDrive/HyperN/EMBD/Poincare_Gensim/Seminar_DS/embeddings_nonhyper_25/default_nonhyper_25.model
128,0.05106818675994873,0.9489318132400513,0.710345983505249,0.39912837743759155,0.38059186935424805,0.46339666843414307,0.9787914156913757,0.9757262468338013,0.30666351318359375,0.710345983505249,0.39912837743759155,0.38059186935424805,0.46339666843414307,0.30666351318359375,0.0,332,193,606,0,B,plus_katz,Hyp3,poincare,DEFAULT,embeddings_nonhyper_25__default_nonhyper_25,25,/content/drive/MyDrive/HyperN/EMBD/Poincare_Gensim/Seminar_DS/embeddings_nonhyper_25/default_nonhyper_25.model
129,0.050636470317840576,0.9493635296821594,0.710938036441803,0.39907121658325195,0.3817859888076782,0.4763801097869873,0.9790776371955872,0.9761248230934143,0.3068808913230896,0.710938036441803,0.39907121658325195,0.3817859888076782,0.4763801097869873,0.3068808913230896,0.0,332,193,606,0,B,plus_katz,Hyp3,poincare,DEFAULT,embeddings_nonhyper_25__default_nonhyper_25,25,/content/drive/MyDrive/HyperN/EMBD/Poincare_Gensim/Seminar_DS/embeddings_nonhyper_25/default_nonhyper_25.model
130,0.05063575506210327,0.9493642449378967,0.7115541696548462,0.39901745319366455,0.3830198645591736,0.46781468391418457,0.9793496131896973,0.9765093922615051,0.30709725618362427,0.7115541696548462,0.39901745319366455,0.3830198645591736,0.46781468391418457,0.30709725618362427,0.0,332,193,606,0,B,plus_katz,Hyp3,poincare,DEFAULT,embeddings_nonhyper_25__default_nonhyper_25,25,/content/drive/MyDrive/HyperN/EMBD/Poincare_Gensim/Seminar_DS/embeddings_nonhyper_25/default_nonhyper_25.model
131,0.05041944980621338,0.9495805501937866,0.7121928930282593,0.3989666700363159,0.38429057598114014,0.47047603130340576,0.9796082973480225,0.9768802523612976,0.307312548160553,0.7121928930282593,0.3989666700363159,0.38429057598114014,0.47047603130340576,0.307312548160553,0.0,332,193,606,0,B,plus_katz,Hyp3,poincare,DEFAULT,embeddings_nonhyper_25__default_nonhyper_25,25,/content/drive/MyDrive/HyperN/EMBD/Poincare_Gensim/Seminar_DS/embeddings_nonhyper_25/default_nonhyper_25.model
132,0.050301551818847656,0.9496984481811523,0.7128555774688721,0.39891910552978516,0.3856012225151062,0.46846461296081543,0.9798543453216553,0.9772382378578186,0.3075268864631653,0.7128555774688721,0.39891910552978516,0.3856012225151062,0.46846461296081543,0.3075268864631653,0.0,332,193,606,0,B,plus_katz,Hyp3,poincare,DEFAULT,embeddings_nonhyper_25__default_nonhyper_25,25,/content/drive/MyDrive/HyperN/EMBD/Poincare_Gensim/Seminar_DS/embeddings_nonhyper_25/default_nonhyper_25.model
133,0.05032616853713989,0.9496738314628601,0.7135302424430847,0.3988736867904663,0.3869292736053467,0.45968925952911377,0.9800891876220703,0.9775834679603577,0.30774199962615967,0.7135302424430847,0.3988736867904663,0.3869292736053467,0.45968925952911377,0.30774199962615967,0.0,332,193,606,0,B,plus_katz,Hyp3,poincare,DEFAULT,embeddings_nonhyper_25__default_nonhyper_25,25,/content/drive/MyDrive/HyperN/EMBD/Poincare_Gensim/Seminar_DS/embeddings_nonhyper_25/default_nonhyper_25.model
134,0.05020332336425781,0.9497966766357422,0.7142297029495239,0.39883100986480713,0.38829755783081055,0.4584987163543701,0.9803124070167542,0.9779165983200073,0.3079594373703003,0.7142297029495239,0.39883100986480713,0.38829755783081055,0.4584987163543701,0.3079594373703003,0.0,332,193,606,0,B,plus_katz,Hyp3,poincare,DEFAULT,embeddings_nonhyper_25__default_nonhyper_25,25,/content/drive/MyDrive/HyperN/EMBD/Poincare_Gensim/Seminar_DS/embeddings_nonhyper_25/default_nonhyper_25.model
135,0.04994070529937744,0.9500592947006226,0.7149441242218018,0.3987904191017151,0.38968831300735474,0.46440744400024414,0.9805254936218262,0.9782378673553467,0.30817705392837524,0.7149441242218018,0.3987904191017151,0.38968831300735474,0.46440744400024414,0.30817705392837524,0.0,332,193,606,0,B,plus_katz,Hyp3,poincare,DEFAULT,embeddings_nonhyper_25__default_nonhyper_25,25,/content/drive/MyDrive/HyperN/EMBD/Poincare_Gensim/Seminar_DS/embeddings_nonhyper_25/default_nonhyper_25.model
136,0.04886585474014282,0.9511341452598572,0.7156775593757629,0.39875197410583496,0.3911094665527344,0.5121657252311707,0.9807286262512207,0.9785481095314026,0.30839335918426514,0.7156775593757629,0.39875197410583496,0.3911094665527344,0.5121657252311707,0.30839335918426514,0.0,332,193,606,0,B,plus_katz,Hyp3,poincare,DEFAULT,embeddings_nonhyper_25__default_nonhyper_25,25,/content/drive/MyDrive/HyperN/EMBD/Poincare_Gensim/Seminar_DS/embeddings_nonhyper_25/default_nonhyper_25.model
137,0.04969590902328491,0.9503040909767151,0.7164356708526611,0.3987162113189697,0.39257240295410156,0.4630034565925598,0.9809221625328064,0.9788488149642944,0.30861014127731323,0.7164356708526611,0.3987162113189697,0.39257240295410156,0.4630034565925598,0.30861014127731323,0.0,332,193,606,0,B,plus_katz,Hyp3,poincare,DEFAULT,embeddings_nonhyper_25__default_nonhyper_25,25,/content/drive/MyDrive/HyperN/EMBD/Poincare_Gensim/Seminar_DS/embeddings_nonhyper_25/default_nonhyper_25.model
138,0.04964029788970947,0.9503597021102905,0.7172120809555054,0.39868247509002686,0.3940638303756714,0.4593229293823242,0.9811064600944519,0.9791394472122192,0.3088303208351135,0.7172120809555054,0.39868247509002686,0.3940638303756714,0.4593229293823242,0.3088303208351135,0.0,332,193,606,0,B,plus_katz,Hyp3,poincare,DEFAULT,embeddings_nonhyper_25__default_nonhyper_25,25,/content/drive/MyDrive/HyperN/EMBD/Poincare_Gensim/Seminar_DS/embeddings_nonhyper_25/default_nonhyper_25.model
139,0.04957890510559082,0.9504210948944092,0.7180072069168091,0.39865046739578247,0.3955838680267334,0.4561251401901245,0.9812822937965393,0.9794201850891113,0.3090553283691406,0.7180072069168091,0.39865046739578247,0.3955838680267334,0.4561251401901245,0.3090553283691406,0.0,332,193,606,0,B,plus_katz,Hyp3,poincare,DEFAULT,embeddings_nonhyper_25__default_nonhyper_25,25,/content/drive/MyDrive/HyperN/EMBD/Poincare_Gensim/Seminar_DS/embeddings_nonhyper_25/default_nonhyper_25.model
140,0.04942518472671509,0.9505748152732849,0.7188222408294678,0.3986203074455261,0.39713454246520996,0.4575444459915161,0.9814497828483582,0.9796915650367737,0.309282124042511,0.7188222408294678,0.3986203074455261,0.39713454246520996,0.4575444459915161,0.309282124042511,0.0,332,193,606,0,B,plus_katz,Hyp3,poincare,DEFAULT,embeddings_nonhyper_25__default_nonhyper_25,25,/content/drive/MyDrive/HyperN/EMBD/Poincare_Gensim/Seminar_DS/embeddings_nonhyper_25/default_nonhyper_25.model
141,0.04924023151397705,0.950759768486023,0.7196492552757263,0.39859139919281006,0.39870280027389526,0.4606229066848755,0.9816098213195801,0.9799538850784302,0.3095114827156067,0.7196492552757263,0.39859139919281006,0.39870280027389526,0.4606229066848755,0.3095114827156067,0.0,332,193,606,0,B,plus_katz,Hyp3,poincare,DEFAULT,embeddings_nonhyper_25__default_nonhyper_25,25,/content/drive/MyDrive/HyperN/EMBD/Poincare_Gensim/Seminar_DS/embeddings_nonhyper_25/default_nonhyper_25.model
142,0.04896575212478638,0.9510342478752136,0.7204954624176025,0.39856427907943726,0.40030062198638916,0.46817803382873535,0.9817622900009155,0.9802078008651733,0.30974292755126953,0.7204954624176025,0.39856427907943726,0.40030062198638916,0.46817803382873535,0.30974292755126953,0.0,332,193,606,0,B,plus_katz,Hyp3,poincare,DEFAULT,embeddings_nonhyper_25__default_nonhyper_25,25,/content/drive/MyDrive/HyperN/EMBD/Poincare_Gensim/Seminar_DS/embeddings_nonhyper_25/default_nonhyper_25.model
143,0.04897606372833252,0.9510239362716675,0.7213614583015442,0.3985390067100525,0.4019298553466797,0.4620469808578491,0.9819074273109436,0.9804537892341614,0.30997294187545776,0.7213614583015442,0.3985390067100525,0.4019298553466797,0.4620469808578491,0.30997294187545776,0.0,332,193,606,0,B,plus_katz,Hyp3,poincare,DEFAULT,embeddings_nonhyper_25__default_nonhyper_25,25,/content/drive/MyDrive/HyperN/EMBD/Poincare_Gensim/Seminar_DS/embeddings_nonhyper_25/default_nonhyper_25.model
144,0.047616541385650635,0.9523834586143494,0.7222381830215454,0.39851486682891846,0.4035743474960327,0.5248203873634338,0.9820462465286255,0.9806922078132629,0.3102041482925415,0.7222381830215454,0.39851486682891846,0.4035743474960327,0.5248203873634338,0.3102041482925415,0.0,332,193,606,0,B,plus_katz,Hyp3,poincare,DEFAULT,embeddings_nonhyper_25__default_nonhyper_25,25,/content/drive/MyDrive/HyperN/EMBD/Poincare_Gensim/Seminar_DS/embeddings_nonhyper_25/default_nonhyper_25.model
145,0.04874902963638306,0.9512509703636169,0.7231389284133911,0.39849281311035156,0.4052584171295166,0.4621390104293823,0.9821783304214478,0.9809243083000183,0.3104373812675476,0.7231389284133911,0.39849281311035156,0.4052584171295166,0.4621390104293823,0.3104373812675476,0.0,332,193,606,0,B,plus_katz,Hyp3,poincare,DEFAULT,embeddings_nonhyper_25__default_nonhyper_25,25,/content/drive/MyDrive/HyperN/EMBD/Poincare_Gensim/Seminar_DS/embeddings_nonhyper_25/default_nonhyper_25.model
146,0.04839968681335449,0.9516003131866455,0.7240511178970337,0.3984719514846802,0.40695881843566895,0.473715603351593,0.9823044538497925,0.9811493158340454,0.3106725215911865,0.7240511178970337,0.3984719514846802,0.40695881843566895,0.473715603351593,0.3106725215911865,0.0,332,193,606,0,B,plus_katz,Hyp3,poincare,DEFAULT,embeddings_nonhyper_25__default_nonhyper_25,25,/content/drive/MyDrive/HyperN/EMBD/Poincare_Gensim/Seminar_DS/embeddings_nonhyper_25/default_nonhyper_25.model
147,0.048204243183135986,0.951795756816864,0.7249801754951477,0.39845240116119385,0.4086851477622986,0.4779781103134155,0.9824244976043701,0.981367826461792,0.31091123819351196,0.7249801754951477,0.39845240116119385,0.4086851477622986,0.4779781103134155,0.31091123819351196,0.0,332,193,606,0,B,plus_katz,Hyp3,poincare,DEFAULT,embeddings_nonhyper_25__default_nonhyper_25,25,/content/drive/MyDrive/HyperN/EMBD/Poincare_Gensim/Seminar_DS/embeddings_nonhyper_25/default_nonhyper_25.model
148,0.0483936071395874,0.9516063928604126,0.7259293794631958,0.3984344005584717,0.41044217348098755,0.4637150764465332,0.9825385808944702,0.9815800189971924,0.311149001121521,0.7259293794631958,0.3984344005584717,0.41044217348098755,0.4637150764465332,0.311149001121521,0.0,332,193,606,0,B,plus_katz,Hyp3,poincare,DEFAULT,embeddings_nonhyper_25__default_nonhyper_25,25,/content/drive/MyDrive/HyperN/EMBD/Poincare_Gensim/Seminar_DS/embeddings_nonhyper_25/default_nonhyper_25.model
149,0.04811614751815796,0.951883852481842,0.726874828338623,0.3984161615371704,0.412186861038208,0.47206783294677734,0.9826487302780151,0.981785774230957,0.31138521432876587,0.726874828338623,0.3984161615371704,0.412186861038208,0.47206783294677734,0.31138521432876587,0.0,332,193,606,0,B,plus_katz,Hyp3,poincare,DEFAULT,embeddings_nonhyper_25__default_nonhyper_25,25,/content/drive/MyDrive/HyperN/EMBD/Poincare_Gensim/Seminar_DS/embeddings_nonhyper_25/default_nonhyper_25.model
150,0.04816615581512451,0.9518338441848755,0.7278261780738831,0.3983985185623169,0.41393768787384033,0.4648127555847168,0.982754647731781,0.9819855690002441,0.3116253614425659,0.7278261780738831,0.3983985185623169,0.41393768787384033,0.4648127555847168,0.3116253614425659,0.0,332,193,606,0,B,plus_katz,Hyp3,poincare,DEFAULT,embeddings_nonhyper_25__default_nonhyper_25,25,/content/drive/MyDrive/HyperN/EMBD/Poincare_Gensim/Seminar_DS/embeddings_nonhyper_25/default_nonhyper_25.model
151,0.04755181074142456,0.9524481892585754,0.7287941575050354,0.39838194847106934,0.41571247577667236,0.48971235752105713,0.9828552007675171,0.9821797609329224,0.3118661046028137,0.7287941575050354,0.39838194847106934,0.41571247577667236,0.48971235752105713,0.3118661046028137,0.0,332,193,606,0,B,plus_katz,Hyp3,poincare,DEFAULT,embeddings_nonhyper_25__default_nonhyper_25,25,/content/drive/MyDrive/HyperN/EMBD/Poincare_Gensim/Seminar_DS/embeddings_nonhyper_25/default_nonhyper_25.model
152,0.047704219818115234,0.9522957801818848,0.7297748923301697,0.39836668968200684,0.41750645637512207,0.47744590044021606,0.9829511046409607,0.9823690056800842,0.31210821866989136,0.7297748923301697,0.39836668968200684,0.41750645637512207,0.47744590044021606,0.31210821866989136,0.0,332,193,606,0,B,plus_katz,Hyp3,poincare,DEFAULT,embeddings_nonhyper_25__default_nonhyper_25,25,/content/drive/MyDrive/HyperN/EMBD/Poincare_Gensim/Seminar_DS/embeddings_nonhyper_25/default_nonhyper_25.model
153,0.04765862226486206,0.9523413777351379,0.7307736277580261,0.3983525037765503,0.4193267822265625,0.4749484658241272,0.983042299747467,0.9825533032417297,0.3123483657836914,0.7307736277580261,0.3983525037765503,0.4193267822265625,0.4749484658241272,0.3123483657836914,0.0,332,193,606,0,B,plus_katz,Hyp3,poincare,DEFAULT,embeddings_nonhyper_25__default_nonhyper_25,25,/content/drive/MyDrive/HyperN/EMBD/Poincare_Gensim/Seminar_DS/embeddings_nonhyper_25/default_nonhyper_25.model
154,0.04723745584487915,0.9527625441551208,0.7317814826965332,0.3983391523361206,0.4211582541465759,0.49071502685546875,0.983129620552063,0.982732892036438,0.3125832676887512,0.7317814826965332,0.3983391523361206,0.4211582541465759,0.49071502685546875,0.3125832676887512,0.0,332,193,606,0,B,plus_katz,Hyp3,poincare,DEFAULT,embeddings_nonhyper_25__default_nonhyper_25,25,/content/drive/MyDrive/HyperN/EMBD/Poincare_Gensim/Seminar_DS/embeddings_nonhyper_25/default_nonhyper_25.model
155,0.04754871129989624,0.9524512887001038,0.7327985763549805,0.3983269929885864,0.4230042099952698,0.47109949588775635,0.9832131862640381,0.982908308506012,0.3128179907798767,0.7327985763549805,0.3983269929885864,0.4230042099952698,0.47109949588775635,0.3128179907798767,0.0,332,193,606,0,B,plus_katz,Hyp3,poincare,DEFAULT,embeddings_nonhyper_25__default_nonhyper_25,25,/content/drive/MyDrive/HyperN/EMBD/Poincare_Gensim/Seminar_DS/embeddings_nonhyper_25/default_nonhyper_25.model
156,0.04675328731536865,0.9532467126846313,0.7338182926177979,0.39831507205963135,0.4248489737510681,0.505299985408783,0.9832937121391296,0.9830790162086487,0.3130490183830261,0.7338182926177979,0.39831507205963135,0.4248489737510681,0.505299985408783,0.3130490183830261,0.0,332,193,606,0,B,plus_katz,Hyp3,poincare,DEFAULT,embeddings_nonhyper_25__default_nonhyper_25,25,/content/drive/MyDrive/HyperN/EMBD/Poincare_Gensim/Seminar_DS/embeddings_nonhyper_25/default_nonhyper_25.model
157,0.04746204614639282,0.9525379538536072,0.7348511815071106,0.3983042240142822,0.42671310901641846,0.4664576053619385,0.9833707809448242,0.9832461476325989,0.3132772445678711,0.7348511815071106,0.3983042240142822,0.42671310901641846,0.4664576053619385,0.3132772445678711,0.0,332,193,606,0,B,plus_katz,Hyp3,poincare,DEFAULT,embeddings_nonhyper_25__default_nonhyper_25,25,/content/drive/MyDrive/HyperN/EMBD/Poincare_Gensim/Seminar_DS/embeddings_nonhyper_25/default_nonhyper_25.model
158,0.04743069410324097,0.952569305896759,0.7358797192573547,0.39829325675964355,0.4285638928413391,0.4637013077735901,0.9834455251693726,0.98340904712677,0.313504695892334,0.7358797192573547,0.39829325675964355,0.4285638928413391,0.4637013077735901,0.313504695892334,0.0,332,193,606,0,B,plus_katz,Hyp3,poincare,DEFAULT,embeddings_nonhyper_25__default_nonhyper_25,25,/content/drive/MyDrive/HyperN/EMBD/Poincare_Gensim/Seminar_DS/embeddings_nonhyper_25/default_nonhyper_25.model
159,0.047166645526885986,0.952833354473114,0.7369012832641602,0.3982818126678467,0.43039608001708984,0.4719587564468384,0.9835183620452881,0.9835677146911621,0.3137285113334656,0.7369012832641602,0.3982818126678467,0.43039608001708984,0.4719587564468384,0.3137285113334656,0.0,332,193,606,0,B,plus_katz,Hyp3,poincare,DEFAULT,embeddings_nonhyper_25__default_nonhyper_25,25,/content/drive/MyDrive/HyperN/EMBD/Poincare_Gensim/Seminar_DS/embeddings_nonhyper_25/default_nonhyper_25.model
160,0.04724562168121338,0.9527543783187866,0.7379039525985718,0.3982689380645752,0.4321880340576172,0.46419697999954224,0.9835905432701111,0.9837222099304199,0.31395643949508667,0.7379039525985718,0.3982689380645752,0.4321880340576172,0.46419697999954224,0.31395643949508667,0.0,332,193,606,0,B,plus_katz,Hyp3,poincare,DEFAULT,embeddings_nonhyper_25__default_nonhyper_25,25,/content/drive/MyDrive/HyperN/EMBD/Poincare_Gensim/Seminar_DS/embeddings_nonhyper_25/default_nonhyper_25.model
161,0.04666858911514282,0.9533314108848572,0.7389031648635864,0.3982553482055664,0.43396735191345215,0.4875102639198303,0.9836607575416565,0.9838727712631226,0.31418895721435547,0.7389031648635864,0.3982553482055664,0.43396735191345215,0.4875102639198303,0.31418895721435547,0.0,332,193,606,0,B,plus_katz,Hyp3,poincare,DEFAULT,embeddings_nonhyper_25__default_nonhyper_25,25,/content/drive/MyDrive/HyperN/EMBD/Poincare_Gensim/Seminar_DS/embeddings_nonhyper_25/default_nonhyper_25.model
162,0.046967267990112305,0.9530327320098877,0.7399183511734009,0.39824235439300537,0.43576788902282715,0.46931660175323486,0.9837275743484497,0.9840200543403625,0.3144376873970032,0.7399183511734009,0.39824235439300537,0.43576788902282715,0.46931660175323486,0.3144376873970032,0.0,332,193,606,0,B,plus_katz,Hyp3,poincare,DEFAULT,embeddings_nonhyper_25__default_nonhyper_25,25,/content/drive/MyDrive/HyperN/EMBD/Poincare_Gensim/Seminar_DS/embeddings_nonhyper_25/default_nonhyper_25.model
163,0.046861231327056885,0.9531387686729431,0.7409524321556091,0.3982299566268921,0.4375922679901123,0.4703793525695801,0.9837903380393982,0.9841635823249817,0.3146885633468628,0.7409524321556091,0.3982299566268921,0.4375922679901123,0.4703793525695801,0.3146885633468628,0.0,332,193,606,0,B,plus_katz,Hyp3,poincare,DEFAULT,embeddings_nonhyper_25__default_nonhyper_25,25,/content/drive/MyDrive/HyperN/EMBD/Poincare_Gensim/Seminar_DS/embeddings_nonhyper_25/default_nonhyper_25.model
164,0.04659450054168701,0.953405499458313,0.7419894337654114,0.3982177972793579,0.4394153356552124,0.4790564775466919,0.9838507771492004,0.9843037724494934,0.3149423599243164,0.7419894337654114,0.3982177972793579,0.4394153356552124,0.4790564775466919,0.3149423599243164,0.0,332,193,606,0,B,plus_katz,Hyp3,poincare,DEFAULT,embeddings_nonhyper_25__default_nonhyper_25,25,/content/drive/MyDrive/HyperN/EMBD/Poincare_Gensim/Seminar_DS/embeddings_nonhyper_25/default_nonhyper_25.model
165,0.046833038330078125,0.9531669616699219,0.7430327534675598,0.3982057571411133,0.44124269485473633,0.46409785747528076,0.9839088320732117,0.9844409823417664,0.31519317626953125,0.7430327534675598,0.3982057571411133,0.44124269485473633,0.46409785747528076,0.31519317626953125,0.0,332,193,606,0,B,plus_katz,Hyp3,poincare,DEFAULT,embeddings_nonhyper_25__default_nonhyper_25,25,/content/drive/MyDrive/HyperN/EMBD/Poincare_Gensim/Seminar_DS/embeddings_nonhyper_25/default_nonhyper_25.model
166,0.04652327299118042,0.9534767270088196,0.7440720200538635,0.39819371700286865,0.4430568218231201,0.4747934937477112,0.9839655160903931,0.9845751523971558,0.31544405221939087,0.7440720200538635,0.39819371700286865,0.4430568218231201,0.4747934937477112,0.31544405221939087,0.0,332,193,606,0,B,plus_katz,Hyp3,poincare,DEFAULT,embeddings_nonhyper_25__default_nonhyper_25,25,/content/drive/MyDrive/HyperN/EMBD/Poincare_Gensim/Seminar_DS/embeddings_nonhyper_25/default_nonhyper_25.model
167,0.04659944772720337,0.9534005522727966,0.7451173663139343,0.39818185567855835,0.44487452507019043,0.46755897998809814,0.9840200543403625,0.9847065806388855,0.3156944513320923,0.7451173663139343,0.39818185567855835,0.44487452507019043,0.46755897998809814,0.3156944513320923,0.0,332,193,606,0,B,plus_katz,Hyp3,poincare,DEFAULT,embeddings_nonhyper_25__default_nonhyper_25,25,/content/drive/MyDrive/HyperN/EMBD/Poincare_Gensim/Seminar_DS/embeddings_nonhyper_25/default_nonhyper_25.model
168,0.04649639129638672,0.9535036087036133,0.746154248714447,0.3981693387031555,0.4466707706451416,0.4687298536300659,0.984074056148529,0.9848350286483765,0.31595247983932495,0.746154248714447,0.3981693387031555,0.4466707706451416,0.4687298536300659,0.31595247983932495,0.0,332,193,606,0,B,plus_katz,Hyp3,poincare,DEFAULT,embeddings_nonhyper_25__default_nonhyper_25,25,/content/drive/MyDrive/HyperN/EMBD/Poincare_Gensim/Seminar_DS/embeddings_nonhyper_25/default_nonhyper_25.model
169,0.046325862407684326,0.9536741375923157,0.74720299243927,0.39815717935562134,0.44847869873046875,0.47306257486343384,0.9841253757476807,0.9849605560302734,0.3162152171134949,0.74720299243927,0.39815717935562134,0.44847869873046875,0.47306257486343384,0.3162152171134949,0.0,332,193,606,0,B,plus_katz,Hyp3,poincare,DEFAULT,embeddings_nonhyper_25__default_nonhyper_25,25,/content/drive/MyDrive/HyperN/EMBD/Poincare_Gensim/Seminar_DS/embeddings_nonhyper_25/default_nonhyper_25.model
170,0.045793771743774414,0.9542062282562256,0.7482564449310303,0.3981451988220215,0.45028769969940186,0.4945583939552307,0.9841744899749756,0.9850835204124451,0.3164827823638916,0.7482564449310303,0.3981451988220215,0.45028769969940186,0.4945583939552307,0.3164827823638916,0.0,332,193,606,0,B,plus_katz,Hyp3,poincare,DEFAULT,embeddings_nonhyper_25__default_nonhyper_25,25,/content/drive/MyDrive/HyperN/EMBD/Poincare_Gensim/Seminar_DS/embeddings_nonhyper_25/default_nonhyper_25.model
171,0.046361565589904785,0.9536384344100952,0.7493221163749695,0.39813363552093506,0.4521094560623169,0.4644116163253784,0.9842212200164795,0.9852041006088257,0.316750705242157,0.7493221163749695,0.39813363552093506,0.4521094560623169,0.4644116163253784,0.316750705242157,0.0,332,193,606,0,B,plus_katz,Hyp3,poincare,DEFAULT,embeddings_nonhyper_25__default_nonhyper_25,25,/content/drive/MyDrive/HyperN/EMBD/Poincare_Gensim/Seminar_DS/embeddings_nonhyper_25/default_nonhyper_25.model
172,0.046266376972198486,0.9537336230278015,0.7503840923309326,0.39812183380126953,0.45391786098480225,0.465364933013916,0.9842667579650879,0.9853222370147705,0.3170281648635864,0.7503840923309326,0.39812183380126953,0.45391786098480225,0.465364933013916,0.3170281648635864,0.0,332,193,606,0,B,plus_katz,Hyp3,poincare,DEFAULT,embeddings_nonhyper_25__default_nonhyper_25,25,/content/drive/MyDrive/HyperN/EMBD/Poincare_Gensim/Seminar_DS/embeddings_nonhyper_25/default_nonhyper_25.model
173,0.04607957601547241,0.9539204239845276,0.7514505982398987,0.39810991287231445,0.4557250142097473,0.4705677032470703,0.9843102097511292,0.9854376316070557,0.3172945976257324,0.7514505982398987,0.39810991287231445,0.4557250142097473,0.4705677032470703,0.3172945976257324,0.0,332,193,606,0,B,plus_katz,Hyp3,poincare,DEFAULT,embeddings_nonhyper_25__default_nonhyper_25,25,/content/drive/MyDrive/HyperN/EMBD/Poincare_Gensim/Seminar_DS/embeddings_nonhyper_25/default_nonhyper_25.model
174,0.04593038558959961,0.9540696144104004,0.752498984336853,0.39809751510620117,0.457497239112854,0.4741086959838867,0.9843540787696838,0.9855509400367737,0.3175622820854187,0.752498984336853,0.39809751510620117,0.457497239112854,0.4741086959838867,0.3175622820854187,0.0,332,193,606,0,B,plus_katz,Hyp3,poincare,DEFAULT,embeddings_nonhyper_25__default_nonhyper_25,25,/content/drive/MyDrive/HyperN/EMBD/Poincare_Gensim/Seminar_DS/embeddings_nonhyper_25/default_nonhyper_25.model
175,0.046017348766326904,0.9539826512336731,0.7535463571548462,0.3980850577354431,0.4592604637145996,0.46683454513549805,0.9843968749046326,0.9856621026992798,0.3178257942199707,0.7535463571548462,0.3980850577354431,0.4592604637145996,0.46683454513549805,0.3178257942199707,0.0,332,193,606,0,B,plus_katz,Hyp3,poincare,DEFAULT,embeddings_nonhyper_25__default_nonhyper_25,25,/content/drive/MyDrive/HyperN/EMBD/Poincare_Gensim/Seminar_DS/embeddings_nonhyper_25/default_nonhyper_25.model
176,0.04539203643798828,0.9546079635620117,0.7545665502548218,0.39807093143463135,0.4609719514846802,0.4926360845565796,0.9844412803649902,0.9857708811759949,0.3180948495864868,0.7545665502548218,0.39807093143463135,0.4609719514846802,0.4926360845565796,0.3180948495864868,0.0,332,193,606,0,B,plus_katz,Hyp3,poincare,DEFAULT,embeddings_nonhyper_25__default_nonhyper_25,25,/content/drive/MyDrive/HyperN/EMBD/Poincare_Gensim/Seminar_DS/embeddings_nonhyper_25/default_nonhyper_25.model
177,0.045300424098968506,0.9546995759010315,0.75559401512146,0.39805692434310913,0.4626880884170532,0.49365854263305664,0.9844838976860046,0.9858777523040771,0.31834787130355835,0.75559401512146,0.39805692434310913,0.4626880884170532,0.49365854263305664,0.31834787130355835,0.0,332,193,606,0,B,plus_katz,Hyp3,poincare,DEFAULT,embeddings_nonhyper_25__default_nonhyper_25,25,/content/drive/MyDrive/HyperN/EMBD/Poincare_Gensim/Seminar_DS/embeddings_nonhyper_25/default_nonhyper_25.model
178,0.04565536975860596,0.954344630241394,0.7566045522689819,0.39804351329803467,0.4643763303756714,0.4739111661911011,0.9845272898674011,0.9859833121299744,0.31860339641571045,0.7566045522689819,0.39804351329803467,0.4643763303756714,0.4739111661911011,0.31860339641571045,0.0,332,193,606,0,B,plus_katz,Hyp3,poincare,DEFAULT,embeddings_nonhyper_25__default_nonhyper_25,25,/content/drive/MyDrive/HyperN/EMBD/Poincare_Gensim/Seminar_DS/embeddings_nonhyper_25/default_nonhyper_25.model
179,0.045265793800354004,0.954734206199646,0.7576137781143188,0.3980299234390259,0.4660543203353882,0.4888315200805664,0.9845696091651917,0.9860869646072388,0.3188577890396118,0.7576137781143188,0.3980299234390259,0.4660543203353882,0.4888315200805664,0.3188577890396118,0.0,332,193,606,0,B,plus_katz,Hyp3,poincare,DEFAULT,embeddings_nonhyper_25__default_nonhyper_25,25,/content/drive/MyDrive/HyperN/EMBD/Poincare_Gensim/Seminar_DS/embeddings_nonhyper_25/default_nonhyper_25.model
180,0.04586219787597656,0.9541378021240234,0.758620023727417,0.3980165123939514,0.46772176027297974,0.45846104621887207,0.9846113324165344,0.9861889481544495,0.3191105127334595,0.758620023727417,0.3980165123939514,0.46772176027297974,0.45846104621887207,0.3191105127334595,0.0,332,193,606,0,B,plus_katz,Hyp3,poincare,DEFAULT,embeddings_nonhyper_25__default_nonhyper_25,25,/content/drive/MyDrive/HyperN/EMBD/Poincare_Gensim/Seminar_DS/embeddings_nonhyper_25/default_nonhyper_25.model
181,0.04529935121536255,0.9547006487846375,0.759607195854187,0.3980019688606262,0.4693511724472046,0.48108458518981934,0.9846537709236145,0.9862887859344482,0.31936120986938477,0.759607195854187,0.3980019688606262,0.4693511724472046,0.48108458518981934,0.31936120986938477,0.0,332,193,606,0,B,plus_katz,Hyp3,poincare,DEFAULT,embeddings_nonhyper_25__default_nonhyper_25,25,/content/drive/MyDrive/HyperN/EMBD/Poincare_Gensim/Seminar_DS/embeddings_nonhyper_25/default_nonhyper_25.model
182,0.04499626159667969,0.9550037384033203,0.7605882287025452,0.3979872465133667,0.4709641933441162,0.4921545386314392,0.9846960306167603,0.9863869547843933,0.3196086883544922,0.7605882287025452,0.3979872465133667,0.4709641933441162,0.4921545386314392,0.3196086883544922,0.0,332,193,606,0,B,plus_katz,Hyp3,poincare,DEFAULT,embeddings_nonhyper_25__default_nonhyper_25,25,/content/drive/MyDrive/HyperN/EMBD/Poincare_Gensim/Seminar_DS/embeddings_nonhyper_25/default_nonhyper_25.model
183,0.045336365699768066,0.9546636343002319,0.7615618705749512,0.39797258377075195,0.4725596308708191,0.4734748601913452,0.9847384095191956,0.9864836931228638,0.319851279258728,0.7615618705749512,0.39797258377075195,0.4725596308708191,0.4734748601913452,0.319851279258728,0.0,332,193,606,0,B,plus_katz,Hyp3,poincare,DEFAULT,embeddings_nonhyper_25__default_nonhyper_25,25,/content/drive/MyDrive/HyperN/EMBD/Poincare_Gensim/Seminar_DS/embeddings_nonhyper_25/default_nonhyper_25.model
184,0.045230746269226074,0.9547692537307739,0.7625262141227722,0.39795756340026855,0.47413361072540283,0.4754117727279663,0.98478102684021,0.9865788221359253,0.32009655237197876,0.7625262141227722,0.39795756340026855,0.47413361072540283,0.4754117727279663,0.32009655237197876,0.0,332,193,606,0,B,plus_katz,Hyp3,poincare,DEFAULT,embeddings_nonhyper_25__default_nonhyper_25,25,/content/drive/MyDrive/HyperN/EMBD/Poincare_Gensim/Seminar_DS/embeddings_nonhyper_25/default_nonhyper_25.model
185,0.045352160930633545,0.9546478390693665,0.7634892463684082,0.39794236421585083,0.4756981134414673,0.4670857787132263,0.9848229885101318,0.9866723418235779,0.3203313946723938,0.7634892463684082,0.39794236421585083,0.4756981134414673,0.4670857787132263,0.3203313946723938,0.0,332,193,606,0,B,plus_katz,Hyp3,poincare,DEFAULT,embeddings_nonhyper_25__default_nonhyper_25,25,/content/drive/MyDrive/HyperN/EMBD/Poincare_Gensim/Seminar_DS/embeddings_nonhyper_25/default_nonhyper_25.model
186,0.045172274112701416,0.9548277258872986,0.764423131942749,0.39792609214782715,0.4772114157676697,0.4724525213241577,0.9848672151565552,0.9867643117904663,0.3205640912055969,0.764423131942749,0.39792609214782715,0.4772114157676697,0.4724525213241577,0.3205640912055969,0.0,332,193,606,0,B,plus_katz,Hyp3,poincare,DEFAULT,embeddings_nonhyper_25__default_nonhyper_25,25,/content/drive/MyDrive/HyperN/EMBD/Poincare_Gensim/Seminar_DS/embeddings_nonhyper_25/default_nonhyper_25.model
187,0.04510563611984253,0.9548943638801575,0.765344500541687,0.39790934324264526,0.4786992073059082,0.47274136543273926,0.984912097454071,0.9868548512458801,0.3208017945289612,0.765344500541687,0.39790934324264526,0.4786992073059082,0.47274136543273926,0.3208017945289612,0.0,332,193,606,0,B,plus_katz,Hyp3,poincare,DEFAULT,embeddings_nonhyper_25__default_nonhyper_25,25,/content/drive/MyDrive/HyperN/EMBD/Poincare_Gensim/Seminar_DS/embeddings_nonhyper_25/default_nonhyper_25.model
188,0.04473596811294556,0.9552640318870544,0.7662619352340698,0.3978922367095947,0.4801728129386902,0.486902117729187,0.9849564433097839,0.9869436621665955,0.3210400342941284,0.7662619352340698,0.3978922367095947,0.4801728129386902,0.486902117729187,0.3210400342941284,0.0,332,193,606,0,B,plus_katz,Hyp3,poincare,DEFAULT,embeddings_nonhyper_25__default_nonhyper_25,25,/content/drive/MyDrive/HyperN/EMBD/Poincare_Gensim/Seminar_DS/embeddings_nonhyper_25/default_nonhyper_25.model
189,0.04403144121170044,0.9559685587882996,0.7671751976013184,0.3978753089904785,0.48163557052612305,0.5173092484474182,0.985000491142273,0.9870312809944153,0.3212800621986389,0.7671751976013184,0.3978753089904785,0.48163557052612305,0.5173092484474182,0.3212800621986389,0.0,332,193,606,0,B,plus_katz,Hyp3,poincare,DEFAULT,embeddings_nonhyper_25__default_nonhyper_25,25,/content/drive/MyDrive/HyperN/EMBD/Poincare_Gensim/Seminar_DS/embeddings_nonhyper_25/default_nonhyper_25.model
190,0.04480159282684326,0.9551984071731567,0.7680891752243042,0.3978583812713623,0.4830935001373291,0.47850149869918823,0.9850441217422485,0.9871177077293396,0.3215230703353882,0.7680891752243042,0.3978583812713623,0.4830935001373291,0.47850149869918823,0.3215230703353882,0.0,332,193,606,0,B,plus_katz,Hyp3,poincare,DEFAULT,embeddings_nonhyper_25__default_nonhyper_25,25,/content/drive/MyDrive/HyperN/EMBD/Poincare_Gensim/Seminar_DS/embeddings_nonhyper_25/default_nonhyper_25.model
191,0.044287264347076416,0.9557127356529236,0.768995463848114,0.3978409767150879,0.4845321774482727,0.49954259395599365,0.9850877523422241,0.9872026443481445,0.32177162170410156,0.768995463848114,0.3978409767150879,0.4845321774482727,0.49954259395599365,0.32177162170410156,0.0,332,193,606,0,B,plus_katz,Hyp3,poincare,DEFAULT,embeddings_nonhyper_25__default_nonhyper_25,25,/content/drive/MyDrive/HyperN/EMBD/Poincare_Gensim/Seminar_DS/embeddings_nonhyper_25/default_nonhyper_25.model
192,0.0443110466003418,0.9556889533996582,0.7699037790298462,0.3978235721588135,0.4859658479690552,0.49573737382888794,0.9851304292678833,0.9872862100601196,0.3220144510269165,0.7699037790298462,0.3978235721588135,0.4859658479690552,0.49573737382888794,0.3220144510269165,0.0,332,193,606,0,B,plus_katz,Hyp3,poincare,DEFAULT,embeddings_nonhyper_25__default_nonhyper_25,25,/content/drive/MyDrive/HyperN/EMBD/Poincare_Gensim/Seminar_DS/embeddings_nonhyper_25/default_nonhyper_25.model
193,0.04480844736099243,0.9551915526390076,0.7708061933517456,0.3978065252304077,0.48738598823547363,0.4704653024673462,0.9851731061935425,0.9873688220977783,0.32224661111831665,0.7708061933517456,0.3978065252304077,0.48738598823547363,0.4704653024673462,0.32224661111831665,0.0,332,193,606,0,B,plus_katz,Hyp3,poincare,DEFAULT,embeddings_nonhyper_25__default_nonhyper_25,25,/content/drive/MyDrive/HyperN/EMBD/Poincare_Gensim/Seminar_DS/embeddings_nonhyper_25/default_nonhyper_25.model
194,0.044455885887145996,0.955544114112854,0.7716813683509827,0.3977886438369751,0.48875951766967773,0.48387783765792847,0.9852182865142822,0.987450122833252,0.3224790096282959,0.7716813683509827,0.3977886438369751,0.48875951766967773,0.48387783765792847,0.3224790096282959,0.0,332,193,606,0,B,plus_katz,Hyp3,poincare,DEFAULT,embeddings_nonhyper_25__default_nonhyper_25,25,/content/drive/MyDrive/HyperN/EMBD/Poincare_Gensim/Seminar_DS/embeddings_nonhyper_25/default_nonhyper_25.model
195,0.044189453125,0.955810546875,0.7725493907928467,0.39777088165283203,0.4901161193847656,0.4935678243637085,0.9852631688117981,0.9875301718711853,0.3227083086967468,0.7725493907928467,0.39777088165283203,0.4901161193847656,0.4935678243637085,0.3227083086967468,0.0,332,193,606,0,B,plus_katz,Hyp3,poincare,DEFAULT,embeddings_nonhyper_25__default_nonhyper_25,25,/content/drive/MyDrive/HyperN/EMBD/Poincare_Gensim/Seminar_DS/embeddings_nonhyper_25/default_nonhyper_25.model
196,0.044653475284576416,0.9553465247154236,0.7734107375144958,0.39775335788726807,0.4914584159851074,0.4700586199760437,0.9853081703186035,0.9876092076301575,0.32292985916137695,0.7734107375144958,0.39775335788726807,0.4914584159851074,0.4700586199760437,0.32292985916137695,0.0,332,193,606,0,B,plus_katz,Hyp3,poincare,DEFAULT,embeddings_nonhyper_25__default_nonhyper_25,25,/content/drive/MyDrive/HyperN/EMBD/Poincare_Gensim/Seminar_DS/embeddings_nonhyper_25/default_nonhyper_25.model
197,0.04419851303100586,0.9558014869689941,0.7742500901222229,0.39773523807525635,0.49276232719421387,0.48818010091781616,0.9853546619415283,0.9876869916915894,0.32315146923065186,0.7742500901222229,0.39773523807525635,0.49276232719421387,0.48818010091781616,0.32315146923065186,0.0,332,193,606,0,B,plus_katz,Hyp3,poincare,DEFAULT,embeddings_nonhyper_25__default_nonhyper_25,25,/content/drive/MyDrive/HyperN/EMBD/Poincare_Gensim/Seminar_DS/embeddings_nonhyper_25/default_nonhyper_25.model
198,0.04384934902191162,0.9561506509780884,0.775085985660553,0.3977174758911133,0.49405622482299805,0.5018268823623657,0.985400915145874,0.9877638220787048,0.3233598470687866,0.775085985660553,0.3977174758911133,0.49405622482299805,0.5018268823623657,0.3233598470687866,0.0,332,193,606,0,B,plus_katz,Hyp3,poincare,DEFAULT,embeddings_nonhyper_25__default_nonhyper_25,25,/content/drive/MyDrive/HyperN/EMBD/Poincare_Gensim/Seminar_DS/embeddings_nonhyper_25/default_nonhyper_25.model
199,0.04454362392425537,0.9554563760757446,0.7759065628051758,0.39769983291625977,0.49532490968704224,0.467936635017395,0.9854487180709839,0.9878398776054382,0.3235695958137512,0.7759065628051758,0.39769983291625977,0.49532490968704224,0.467936635017395,0.3235695958137512,0.0,332,193,606,0,B,plus_katz,Hyp3,poincare,DEFAULT,embeddings_nonhyper_25__default_nonhyper_25,25,/content/drive/MyDrive/HyperN/EMBD/Poincare_Gensim/Seminar_DS/embeddings_nonhyper_25/default_nonhyper_25.model
